source,source_sobel_si,sigma,seed,derived_seed,actual_luma_rms,qp,cu_count,mean_area,median_area,dominant_sizes
kodim01.png,110.23951076191508,5,20260811,1113627816953926884,4.999581637363807,32,5506,71.41590991645478,64.0,8x4:1010; 8x8:781; 16x4:772; 4x8:719; 4x4:566; 16x8:538
kodim01.png,110.23951076191508,5,20260812,13393917567101287228,5.012348693441222,32,5473,71.84651927644802,64.0,8x4:1066; 16x4:815; 8x8:683; 4x8:660; 4x4:540; 16x8:535
kodim01.png,110.23951076191508,5,20260813,1797184094092325255,4.99882290018058,32,5548,70.87527036770007,64.0,8x4:1069; 16x4:816; 4x8:726; 8x8:708; 4x4:582; 16x8:491
kodim01.png,110.23951076191508,15,20260811,1113627816953926884,14.949935440043156,32,5272,74.58573596358119,64.0,8x8:876; 8x4:841; 16x4:754; 4x8:647; 16x8:610; 4x16:444
kodim01.png,110.23951076191508,15,20260812,13393917567101287228,14.987601178538014,32,5410,72.68317929759704,64.0,8x4:948; 8x8:852; 16x4:763; 16x8:645; 4x8:575; 4x4:478
kodim01.png,110.23951076191508,15,20260813,1797184094092325255,14.947567067948343,32,5290,74.33194706994328,64.0,16x4:863; 8x4:833; 8x8:749; 4x8:633; 16x8:631; 4x16:446
kodim01.png,110.23951076191508,30,20260811,1113627816953926884,29.538901762351394,32,3485,112.83098995695839,128.0,16x8:706; 16x4:465; 8x8:462; 8x16:372; 4x16:341; 8x4:208
kodim01.png,110.23951076191508,30,20260812,13393917567101287228,29.59521888919639,32,3593,109.43946562760924,64.0,16x8:710; 8x8:509; 16x4:477; 8x16:420; 4x16:340; 8x4:258
kodim01.png,110.23951076191508,30,20260813,1797184094092325255,29.527510148856443,32,3605,109.075173370319,64.0,16x8:735; 16x4:514; 8x8:470; 8x16:346; 4x16:332; 8x4:262
kodim02.png,51.75380456078816,5,20260811,934317093076501681,5.000182339204538,32,3089,127.29556490773713,64.0,4x8:311; 8x4:307; 4x16:302; 8x8:296; 16x4:295; 8x16:282
kodim02.png,51.75380456078816,5,20260812,7034858839499626460,4.9999496457425385,32,2982,131.8631790744467,64.0,8x8:345; 16x8:286; 4x8:281; 8x16:268; 16x4:259; 4x16:256
kodim02.png,51.75380456078816,5,20260813,13102803655524182236,5.002941792056653,32,3055,128.71227495908346,64.0,8x8:334; 16x8:312; 8x16:310; 8x4:309; 4x8:299; 16x4:280
kodim02.png,51.75380456078816,15,20260811,934317093076501681,14.879693495625608,32,3453,113.876629018245,64.0,8x8:519; 16x8:498; 8x16:485; 16x4:336; 8x4:325; 4x16:269
kodim02.png,51.75380456078816,15,20260812,7034858839499626460,14.879064779254135,32,3399,115.68578993821713,64.0,8x8:490; 16x8:486; 8x16:472; 4x16:338; 16x4:308; 4x8:268
kodim02.png,51.75380456078816,15,20260813,13102803655524182236,14.88617421227572,32,3426,114.77408056042032,64.0,8x8:516; 8x16:510; 16x8:477; 16x4:329; 4x16:325; 16x16:257
kodim02.png,51.75380456078816,30,20260811,934317093076501681,28.669561047776796,32,2687,146.34015630815034,128.0,16x8:474; 8x16:401; 8x8:324; 16x16:282; 16x4:267; 4x16:220
kodim02.png,51.75380456078816,30,20260812,7034858839499626460,28.658336035160854,32,2448,160.62745098039215,128.0,8x16:404; 16x8:398; 8x8:304; 16x16:293; 4x16:215; 16x4:207
kodim02.png,51.75380456078816,30,20260813,13102803655524182236,28.68155592517428,32,2772,141.85281385281385,128.0,16x8:507; 8x16:474; 8x8:379; 16x4:260; 16x16:243; 4x16:200
kodim03.png,57.51267606176813,5,20260811,1808323285496121409,4.9967727418463666,32,2617,150.2544898739014,64.0,8x4:396; 4x8:333; 4x4:290; 8x8:268; 16x8:194; 16x4:180
kodim03.png,57.51267606176813,5,20260812,3593571539141768,4.995075343737659,32,2584,152.1733746130031,64.0,8x4:386; 4x4:338; 4x8:299; 8x8:241; 16x16:195; 8x16:193
kodim03.png,57.51267606176813,5,20260813,6908990298377023620,4.983668039026038,32,2534,155.17600631412787,64.0,8x4:400; 4x4:284; 4x8:280; 8x8:274; 16x8:213; 16x16:182
kodim03.png,57.51267606176813,15,20260811,1808323285496121409,14.905060300128133,32,3503,112.25121324578933,64.0,8x8:562; 8x16:506; 16x8:506; 8x4:341; 16x4:320; 16x16:289
kodim03.png,57.51267606176813,15,20260812,3593571539141768,14.903075663273686,32,3730,105.41983914209115,64.0,8x8:589; 16x8:531; 8x16:507; 8x4:382; 16x4:343; 4x8:312
kodim03.png,57.51267606176813,15,20260813,6908990298377023620,14.870110913093699,32,3751,104.8296454278859,64.0,8x8:632; 16x8:534; 8x16:511; 8x4:370; 4x16:341; 16x4:325
kodim03.png,57.51267606176813,30,20260811,1808323285496121409,29.338334119674265,32,2915,134.89399656946827,128.0,16x8:543; 8x16:513; 8x8:390; 4x16:284; 16x16:273; 16x4:242
kodim03.png,57.51267606176813,30,20260812,3593571539141768,29.339790789433184,32,2955,133.06802030456853,128.0,16x8:544; 8x8:462; 8x16:415; 16x4:284; 16x16:259; 4x16:233
kodim03.png,57.51267606176813,30,20260813,6908990298377023620,29.27504190799744,32,2832,138.84745762711864,128.0,8x16:544; 16x8:528; 8x8:366; 16x16:262; 4x16:246; 16x4:202
kodim04.png,58.9093989486344,5,20260811,13674560304124078175,5.003200269772651,32,2593,151.64519861164675,64.0,8x8:296; 4x8:264; 16x8:260; 8x4:254; 4x4:232; 8x16:222
kodim04.png,58.9093989486344,5,20260812,8625980882863079943,4.999904885976843,32,2465,159.51967545638945,128.0,8x8:317; 16x8:244; 8x16:238; 16x16:232; 4x8:215; 8x4:210
kodim04.png,58.9093989486344,5,20260813,1086302274037308843,4.991719064241155,32,2541,154.74852420306965,64.0,8x16:272; 8x8:257; 8x4:241; 16x8:235; 4x4:228; 4x8:219
kodim04.png,58.9093989486344,15,20260811,13674560304124078175,14.930712829865497,32,3280,119.8829268292683,128.0,16x8:537; 8x16:509; 8x8:440; 4x16:327; 16x16:291; 4x8:252
kodim04.png,58.9093989486344,15,20260812,8625980882863079943,14.919267452552782,32,3348,117.44802867383513,64.0,16x8:521; 8x8:502; 8x16:501; 4x16:378; 16x4:289; 16x16:274
kodim04.png,58.9093989486344,15,20260813,1086302274037308843,14.895148386468508,32,3292,119.44592952612393,128.0,8x8:531; 16x8:527; 8x16:504; 16x16:304; 4x16:282; 4x8:249
kodim04.png,58.9093989486344,30,20260811,13674560304124078175,29.166549319076623,32,2913,134.98661174047373,128.0,8x16:511; 8x8:466; 16x8:402; 4x16:307; 16x16:277; 16x4:179
kodim04.png,58.9093989486344,30,20260812,8625980882863079943,29.130769913924258,32,2951,133.24839037614367,128.0,16x8:511; 8x8:476; 8x16:428; 16x16:275; 4x16:269; 16x4:203
kodim04.png,58.9093989486344,30,20260813,1086302274037308843,29.084646098796185,32,2832,138.84745762711864,128.0,8x16:487; 16x8:445; 8x8:417; 4x16:324; 16x16:295; 16x4:152
kodim05.png,124.58553775898054,5,20260811,2401527348325935842,4.982370960270039,32,8304,47.35260115606936,32.0,4x4:2254; 4x8:1772; 8x4:1747; 8x8:1136; 16x4:357; 4x16:312
kodim05.png,124.58553775898054,5,20260812,8026170836110345995,4.9892240752003305,32,8429,46.65037370981137,32.0,4x4:2322; 8x4:1892; 4x8:1753; 8x8:1101; 16x4:328; 4x16:310
kodim05.png,124.58553775898054,5,20260813,16084785722360692063,4.986854311290612,32,8489,46.32065025326894,32.0,4x4:2372; 8x4:1883; 4x8:1737; 8x8:1072; 16x4:341; 4x16:332
kodim05.png,124.58553775898054,15,20260811,2401527348325935842,14.733755271934195,32,7668,51.280125195618155,32.0,8x4:1675; 4x8:1498; 4x4:1490; 8x8:1292; 16x4:488; 16x8:397
kodim05.png,124.58553775898054,15,20260812,8026170836110345995,14.747023718606032,32,7587,51.82759984183472,32.0,8x4:1749; 4x4:1506; 4x8:1382; 8x8:1192; 16x4:524; 16x8:418
kodim05.png,124.58553775898054,15,20260813,16084785722360692063,14.747927245285236,32,7596,51.76619273301738,32.0,8x4:1705; 4x4:1460; 4x8:1451; 8x8:1260; 16x4:491; 16x8:396
kodim05.png,124.58553775898054,30,20260811,2401527348325935842,28.53649230238347,32,5472,71.85964912280701,64.0,8x8:1008; 8x4:901; 4x8:793; 4x4:644; 16x8:542; 8x16:448
kodim05.png,124.58553775898054,30,20260812,8026170836110345995,28.555758047148707,32,5480,71.75474452554745,64.0,8x8:1028; 8x4:900; 4x8:859; 4x4:578; 16x8:523; 8x16:510
kodim05.png,124.58553775898054,30,20260813,16084785722360692063,28.584798198861954,32,5210,75.47332053742802,64.0,8x8:1042; 8x4:771; 4x8:740; 16x8:548; 4x4:486; 8x16:476
kodim06.png,95.02732464362501,5,20260811,2381054616902325352,4.907666433177375,32,3523,111.61396537042293,64.0,8x4:718; 16x4:576; 16x8:455; 4x4:326; 8x8:324; 4x8:255
kodim06.png,95.02732464362501,5,20260812,16048039206826295199,4.907859457269656,32,3633,108.23451692815854,64.0,8x4:716; 16x4:510; 4x4:458; 16x8:425; 8x8:329; 4x8:293
kodim06.png,95.02732464362501,5,20260813,16445384210044935428,4.89783029073113,32,3613,108.83365624135068,64.0,8x4:698; 16x4:561; 16x8:437; 8x8:371; 4x4:368; 4x8:286
kodim06.png,95.02732464362501,15,20260811,2381054616902325352,14.598991808635734,32,4038,97.37890044576523,64.0,16x8:774; 16x4:751; 8x4:502; 8x8:465; 4x8:341; 4x4:238
kodim06.png,95.02732464362501,15,20260812,16048039206826295199,14.605442283451994,32,3931,100.02950903078097,64.0,16x8:719; 16x4:635; 8x4:586; 8x8:425; 4x8:265; 8x16:255
kodim06.png,95.02732464362501,15,20260813,16445384210044935428,14.574858522682732,32,4020,97.81492537313433,64.0,16x8:756; 16x4:733; 8x4:560; 8x8:490; 4x8:283; 8x16:236
kodim06.png,95.02732464362501,30,20260811,2381054616902325352,28.762445205355554,32,3421,114.94182987430575,128.0,16x8:749; 8x8:486; 16x4:479; 8x16:283; 8x4:251; 16x16:233
kodim06.png,95.02732464362501,30,20260812,16048039206826295199,28.784099182413218,32,3493,112.57257371886631,128.0,16x8:792; 16x4:477; 8x8:433; 8x16:309; 8x4:281; 4x16:248
kodim06.png,95.02732464362501,30,20260813,16445384210044935428,28.721203256122333,32,3442,114.24055781522371,128.0,16x8:725; 16x4:472; 8x8:405; 8x16:310; 8x4:256; 32x4:242
kodim07.png,77.83309744211552,5,20260811,2590163596173656454,5.009804585821536,32,4400,89.36727272727273,32.0,4x4:844; 8x4:772; 4x8:734; 8x8:521; 8x16:285; 16x8:253
kodim07.png,77.83309744211552,5,20260812,1282232873168774680,5.008810038208743,32,4523,86.93698872429803,32.0,4x4:902; 4x8:768; 8x4:757; 8x8:585; 8x16:264; 16x8:261
kodim07.png,77.83309744211552,5,20260813,3098269893240156219,5.001662931473704,32,4429,88.78211785956198,32.0,4x4:828; 8x4:764; 4x8:740; 8x8:530; 16x8:296; 8x16:268
kodim07.png,77.83309744211552,15,20260811,2590163596173656454,14.964389747338643,32,4417,89.02331899479285,64.0,8x8:681; 8x4:658; 4x8:568; 16x8:527; 4x4:492; 8x16:368
kodim07.png,77.83309744211552,15,20260812,1282232873168774680,14.957649888317277,32,4548,86.45910290237467,64.0,8x8:729; 4x8:646; 8x4:631; 16x8:503; 4x4:494; 16x4:393
kodim07.png,77.83309744211552,15,20260813,3098269893240156219,14.938157666996606,32,4114,95.57997083130773,64.0,8x8:650; 8x4:546; 4x8:518; 4x4:440; 16x8:429; 8x16:410
kodim07.png,77.83309744211552,30,20260811,2590163596173656454,29.601352272418136,32,2914,134.94028826355526,128.0,8x8:481; 16x8:479; 8x16:432; 16x16:243; 4x16:235; 8x4:212
kodim07.png,77.83309744211552,30,20260812,1282232873168774680,29.58280474409934,32,3053,128.79659351457582,128.0,16x8:529; 8x8:506; 8x16:465; 16x16:273; 4x16:253; 16x4:253
kodim07.png,77.83309744211552,30,20260813,3098269893240156219,29.54401618284004,32,3278,119.95607077486272,64.0,8x8:611; 16x8:450; 8x16:416; 16x4:304; 4x16:284; 8x4:269
kodim08.png,157.11382891853802,5,20260811,13768457441763341889,4.947578027748279,32,6896,57.02088167053364,32.0,4x8:1591; 4x4:1418; 8x4:1188; 8x8:804; 4x16:597; 16x4:367
kodim08.png,157.11382891853802,5,20260812,11452475476780737760,4.941008661129372,32,6845,57.44572680788897,32.0,4x8:1516; 4x4:1324; 8x4:1230; 8x8:857; 4x16:567; 16x4:384
kodim08.png,157.11382891853802,5,20260813,6320099502161092642,4.941183398301569,32,6913,56.880659626790106,32.0,4x8:1589; 8x4:1298; 4x4:1294; 8x8:841; 4x16:583; 16x4:349
kodim08.png,157.11382891853802,15,20260811,13768457441763341889,14.68171567171576,32,6309,62.326200665715646,32.0,4x8:1262; 8x4:1119; 4x4:962; 8x8:908; 4x16:536; 16x4:441
kodim08.png,157.11382891853802,15,20260812,11452475476780737760,14.663275471132557,32,6430,61.15334370139969,32.0,4x8:1369; 8x4:1099; 4x4:1040; 8x8:942; 4x16:546; 8x16:417
kodim08.png,157.11382891853802,15,20260813,6320099502161092642,14.656698538634437,32,6476,60.71896232242125,32.0,4x8:1307; 8x4:1181; 4x4:1052; 8x8:817; 4x16:606; 16x4:416
kodim08.png,157.11382891853802,30,20260811,13768457441763341889,28.684611965350026,32,4552,86.38312829525483,64.0,4x8:711; 8x8:625; 4x16:587; 8x16:483; 8x4:476; 16x8:423
kodim08.png,157.11382891853802,30,20260812,11452475476780737760,28.654598475531728,32,4680,84.02051282051282,64.0,4x8:697; 8x8:648; 8x4:579; 4x16:568; 4x4:440; 8x16:424
kodim08.png,157.11382891853802,30,20260813,6320099502161092642,28.62796933516606,32,4944,79.53398058252426,64.0,4x8:793; 8x8:766; 4x16:644; 8x4:598; 4x4:470; 8x16:430
kodim09.png,81.27218115066475,5,20260811,18257608411526477614,5.013174121709401,32,2446,160.75878986099755,64.0,4x8:351; 8x4:291; 8x8:283; 4x4:260; 16x8:206; 16x4:193
kodim09.png,81.27218115066475,5,20260812,165719163368697002,4.998120272476245,32,2493,157.7280385078219,64.0,8x4:337; 4x8:323; 4x4:316; 8x8:306; 16x8:186; 16x4:176
kodim09.png,81.27218115066475,5,20260813,11780101335722263977,5.00840078975973,32,2465,159.51967545638945,64.0,4x8:360; 4x4:300; 8x4:266; 8x8:246; 4x16:192; 16x8:177
kodim09.png,81.27218115066475,15,20260811,18257608411526477614,15.001108849124712,32,3695,106.41840324763193,64.0,16x8:481; 8x8:448; 8x16:438; 4x8:388; 8x4:387; 4x16:351
kodim09.png,81.27218115066475,15,20260812,165719163368697002,14.958673896560896,32,3694,106.44721169463996,64.0,16x8:512; 8x8:492; 8x16:411; 4x8:385; 8x4:356; 16x4:342
kodim09.png,81.27218115066475,15,20260813,11780101335722263977,14.98681451048052,32,3542,111.01524562394128,64.0,16x8:513; 8x8:449; 8x16:377; 4x8:376; 16x4:319; 8x4:304
kodim09.png,81.27218115066475,30,20260811,18257608411526477614,29.77042655764805,32,2942,133.65601631543169,128.0,16x8:442; 8x16:434; 8x8:377; 4x16:282; 16x16:238; 16x4:217
kodim09.png,81.27218115066475,30,20260812,165719163368697002,29.68593925790497,32,2842,138.35890218156229,128.0,16x8:437; 8x8:394; 8x16:385; 4x16:256; 16x16:236; 16x4:203
kodim09.png,81.27218115066475,30,20260813,11780101335722263977,29.743644185020617,32,2871,136.96133751306166,128.0,8x16:431; 16x8:392; 4x16:326; 8x8:318; 4x8:228; 16x4:227
kodim10.png,74.26826721681805,5,20260811,5691233444527385387,4.990777219944262,32,3290,119.51854103343464,64.0,8x4:410; 4x8:409; 8x8:384; 4x4:366; 16x4:274; 16x8:271
kodim10.png,74.26826721681805,5,20260812,11779788518824746650,4.990506123349364,32,3284,119.73690621193666,64.0,8x8:422; 4x4:412; 8x4:409; 4x8:401; 8x16:279; 16x8:264
kodim10.png,74.26826721681805,5,20260813,11766240883732792195,4.9985504592353704,32,3363,116.92417484388939,64.0,4x8:467; 4x4:452; 8x4:399; 8x8:386; 8x16:258; 4x16:255
kodim10.png,74.26826721681805,15,20260811,5691233444527385387,14.923804992170593,32,3796,103.58693361433087,64.0,8x8:523; 16x8:483; 8x16:451; 4x16:431; 4x8:371; 16x4:364
kodim10.png,74.26826721681805,15,20260812,11779788518824746650,14.92471426003912,32,3970,99.04685138539043,64.0,8x8:600; 8x16:497; 16x8:482; 4x16:407; 16x4:404; 8x4:392
kodim10.png,74.26826721681805,15,20260813,11766240883732792195,14.945404812862884,32,3953,99.4728054642044,64.0,8x8:594; 8x16:564; 16x8:516; 4x16:431; 8x4:368; 4x8:363
kodim10.png,74.26826721681805,30,20260811,5691233444527385387,29.62940514885673,32,3081,127.62609542356378,128.0,8x16:563; 16x8:513; 8x8:410; 16x4:273; 4x16:257; 16x16:252
kodim10.png,74.26826721681805,30,20260812,11779788518824746650,29.62831412662286,32,3092,127.17205692108668,128.0,16x8:516; 8x16:509; 8x8:443; 4x16:303; 16x16:249; 16x4:234
kodim10.png,74.26826721681805,30,20260813,11766240883732792195,29.669638267020268,32,3113,126.31416639897205,128.0,8x16:539; 16x8:488; 8x8:448; 4x16:289; 16x16:244; 16x4:238
kodim11.png,86.14149975992052,5,20260811,10707830273321977229,5.007869123038568,32,4464,88.08602150537635,64.0,8x4:774; 4x4:708; 4x8:596; 16x4:482; 8x8:400; 16x8:347
kodim11.png,86.14149975992052,5,20260812,13100509462856888355,4.9983276113435195,32,4265,92.1960140679953,64.0,8x4:688; 4x8:651; 4x4:542; 16x4:441; 8x8:413; 16x8:322
kodim11.png,86.14149975992052,5,20260813,8055446370599864257,4.992070840936102,32,4246,92.60857277437589,64.0,8x4:679; 4x4:604; 4x8:557; 8x8:454; 16x4:441; 16x8:349
kodim11.png,86.14149975992052,15,20260811,10707830273321977229,14.815180582900055,32,4580,85.85502183406113,64.0,8x4:637; 8x8:615; 4x8:555; 16x8:489; 16x4:488; 4x4:428
kodim11.png,86.14149975992052,15,20260812,13100509462856888355,14.78521997798353,32,4288,91.70149253731343,64.0,8x8:574; 8x4:556; 16x4:530; 16x8:507; 4x8:496; 8x16:366
kodim11.png,86.14149975992052,15,20260813,8055446370599864257,14.759726210952072,32,4483,87.7126923934865,64.0,16x8:592; 8x8:580; 4x8:549; 8x4:547; 16x4:502; 4x16:391
kodim11.png,86.14149975992052,30,20260811,10707830273321977229,29.000613238986944,32,3445,114.14107402031931,64.0,16x8:551; 8x8:507; 8x16:458; 16x4:327; 4x16:300; 4x8:255
kodim11.png,86.14149975992052,30,20260812,13100509462856888355,28.948817940639977,32,3530,111.39263456090652,64.0,16x8:558; 8x8:514; 8x16:414; 4x16:344; 16x4:330; 4x8:320
kodim11.png,86.14149975992052,30,20260813,8055446370599864257,28.890621875070252,32,3366,116.81996434937611,64.0,16x8:587; 8x8:516; 8x16:388; 16x4:316; 4x16:276; 4x8:257
kodim12.png,70.56561774490432,5,20260811,4957608456796895934,4.950073971179596,32,2488,158.04501607717043,128.0,16x8:300; 8x8:268; 4x8:229; 32x4:227; 16x4:223; 8x4:217
kodim12.png,70.56561774490432,5,20260812,7305854176659034297,4.957899742509002,32,2461,159.7789516456725,64.0,16x8:286; 8x4:257; 8x8:254; 4x8:231; 16x4:227; 32x8:225
kodim12.png,70.56561774490432,5,20260813,3610363577041599076,4.951600876179255,32,2457,160.03907203907204,64.0,16x8:304; 8x8:268; 8x4:252; 16x4:216; 4x4:210; 4x8:205
kodim12.png,70.56561774490432,15,20260811,4957608456796895934,14.772610591970048,32,3580,109.83687150837989,64.0,16x8:663; 8x8:520; 8x16:409; 16x4:362; 8x4:298; 4x8:258
kodim12.png,70.56561774490432,15,20260812,7305854176659034297,14.79702813493225,32,3712,105.93103448275862,64.0,16x8:640; 8x8:500; 8x16:387; 16x4:385; 8x4:340; 4x8:339
kodim12.png,70.56561774490432,15,20260813,3610363577041599076,14.781027192042101,32,3678,106.91027732463296,64.0,16x8:624; 8x8:471; 16x4:447; 8x4:361; 8x16:350; 4x8:304
kodim12.png,70.56561774490432,30,20260811,4957608456796895934,29.104096514745407,32,3017,130.3334438183626,128.0,16x8:562; 8x8:431; 8x16:400; 16x4:290; 4x16:261; 16x16:230
kodim12.png,70.56561774490432,30,20260812,7305854176659034297,29.150164253552923,32,2990,131.51036789297657,128.0,16x8:497; 8x16:412; 8x8:396; 4x16:294; 16x4:270; 16x16:225
kodim12.png,70.56561774490432,30,20260813,3610363577041599076,29.10152217034398,32,3125,125.82912,128.0,16x8:500; 8x16:454; 8x8:364; 16x4:363; 4x16:326; 16x16:232
kodim13.png,120.74199594548327,5,20260811,16778357469825422811,4.965603838027857,32,6560,59.94146341463415,32.0,8x4:1617; 4x4:1150; 8x8:910; 4x8:788; 16x4:695; 16x8:589
kodim13.png,120.74199594548327,5,20260812,18233368855492441063,4.966378403732039,32,6628,59.32649366324683,32.0,8x4:1711; 4x4:1142; 8x8:928; 4x8:764; 16x4:731; 16x8:553
kodim13.png,120.74199594548327,5,20260813,8496713089554582828,4.960533530140264,32,6383,61.60363465455115,32.0,8x4:1595; 4x4:1068; 8x8:851; 4x8:715; 16x4:698; 16x8:603
kodim13.png,120.74199594548327,15,20260811,16778357469825422811,14.807916331748142,32,5780,68.03044982698962,64.0,8x4:1144; 8x8:918; 4x4:742; 16x8:677; 16x4:673; 4x8:669
kodim13.png,120.74199594548327,15,20260812,18233368855492441063,14.810775119881225,32,5817,67.59773078906653,64.0,8x4:1141; 8x8:1018; 4x4:768; 16x4:727; 16x8:661; 4x8:623
kodim13.png,120.74199594548327,15,20260813,8496713089554582828,14.789901470469129,32,5780,68.03044982698962,64.0,8x4:1127; 8x8:942; 16x4:759; 4x4:710; 16x8:643; 4x8:618
kodim13.png,120.74199594548327,30,20260811,16778357469825422811,29.113381181623296,32,4192,93.80152671755725,64.0,8x8:742; 16x8:692; 8x4:578; 16x4:489; 8x16:366; 4x8:325
kodim13.png,120.74199594548327,30,20260812,18233368855492441063,29.12056147163336,32,4452,88.3234501347709,64.0,8x8:733; 16x8:651; 8x4:623; 16x4:577; 4x8:376; 8x16:367
kodim13.png,120.74199594548327,30,20260813,8496713089554582828,29.05793709980276,32,4445,88.46254218222722,64.0,8x8:779; 16x8:680; 8x4:561; 16x4:476; 4x8:458; 8x16:402
kodim14.png,86.5443794422766,5,20260811,13041795183191476033,5.007967132704256,32,5928,66.33198380566802,32.0,8x4:1382; 4x4:1098; 8x8:770; 4x8:749; 16x4:620; 16x8:510
kodim14.png,86.5443794422766,5,20260812,4361580252946430831,4.994610743051892,32,6056,64.92998678996037,32.0,8x4:1440; 4x4:1116; 4x8:806; 8x8:781; 16x4:603; 16x8:529
kodim14.png,86.5443794422766,5,20260813,18042935283783908061,4.995446738630048,32,6049,65.00512481401884,32.0,8x4:1351; 4x4:1108; 4x8:789; 8x8:786; 16x4:672; 16x8:571
kodim14.png,86.5443794422766,15,20260811,13041795183191476033,14.88944301870924,32,5249,74.91255477233759,64.0,8x8:943; 8x4:849; 16x8:728; 16x4:684; 4x8:571; 4x4:560
kodim14.png,86.5443794422766,15,20260812,4361580252946430831,14.850522201039082,32,5281,74.45862526036736,64.0,8x8:959; 8x4:876; 16x8:730; 4x8:619; 4x4:602; 16x4:569
kodim14.png,86.5443794422766,15,20260813,18042935283783908061,14.848476666582126,32,5168,76.08668730650155,64.0,8x8:925; 8x4:852; 16x8:744; 4x8:594; 4x4:568; 16x4:551
kodim14.png,86.5443794422766,30,20260811,13041795183191476033,28.950389389028384,32,3938,99.85170137125445,64.0,8x8:734; 16x8:581; 16x4:454; 4x8:415; 8x16:389; 8x4:362
kodim14.png,86.5443794422766,30,20260812,4361580252946430831,28.903678051049898,32,3833,102.5870075658753,64.0,16x8:708; 8x8:672; 8x16:431; 16x4:406; 8x4:360; 4x8:324
kodim14.png,86.5443794422766,30,20260813,18042935283783908061,28.882559046975924,32,3729,105.44810941271118,64.0,8x8:659; 16x8:655; 8x16:452; 16x4:416; 8x4:331; 4x8:282
kodim15.png,79.98228967095284,5,20260811,7234645431922819836,4.824339731529574,32,2309,170.29709831095713,64.0,8x8:301; 4x8:290; 4x4:262; 8x16:246; 8x4:203; 16x16:196
kodim15.png,79.98228967095284,5,20260812,10779938791484801536,4.828973491887439,32,2274,172.91820580474933,64.0,8x8:316; 4x8:272; 8x16:241; 8x4:195; 16x8:193; 4x16:184
kodim15.png,79.98228967095284,5,20260813,11522220290898074309,4.835507835483077,32,2267,173.452139391266,64.0,8x16:271; 8x8:267; 4x8:264; 8x4:228; 4x16:205; 4x4:180
kodim15.png,79.98228967095284,15,20260811,7234645431922819836,14.091127996152006,32,3732,105.36334405144694,64.0,8x8:582; 8x16:564; 16x8:417; 4x16:393; 4x8:386; 8x4:337
kodim15.png,79.98228967095284,15,20260812,10779938791484801536,14.102324973615461,32,3798,103.53238546603475,64.0,8x8:605; 8x16:552; 16x8:445; 4x8:395; 8x4:342; 4x16:321
kodim15.png,79.98228967095284,15,20260813,11522220290898074309,14.126209668599605,32,3496,112.47597254004576,64.0,8x16:584; 8x8:492; 16x8:443; 4x16:338; 4x8:325; 16x16:267
kodim15.png,79.98228967095284,30,20260811,7234645431922819836,26.758800306812397,32,3225,121.92744186046512,128.0,8x16:574; 8x8:502; 16x8:407; 4x16:359; 16x4:281; 16x16:276
kodim15.png,79.98228967095284,30,20260812,10779938791484801536,26.795719803209902,32,3326,118.22489476849069,128.0,8x16:593; 8x8:458; 4x16:431; 16x8:391; 16x16:286; 4x8:257
kodim15.png,79.98228967095284,30,20260813,11522220290898074309,26.82885210358666,32,3178,123.73064820641913,128.0,8x16:586; 16x8:453; 8x8:444; 4x16:368; 16x16:268; 4x8:218
kodim16.png,59.29748943011203,5,20260811,839867594481428302,5.0075164247174575,32,2602,151.1206764027671,128.0,16x8:370; 16x4:353; 8x4:312; 32x4:297; 32x8:224; 8x8:220
kodim16.png,59.29748943011203,5,20260812,9918704998727921452,5.001666744901222,32,2675,146.9966355140187,64.0,16x4:372; 8x4:344; 32x4:329; 16x8:295; 32x8:291; 8x8:242
kodim16.png,59.29748943011203,5,20260813,6514449618395202739,4.995042759454873,32,2694,145.9599109131403,64.0,16x4:352; 16x8:342; 8x4:330; 32x4:277; 32x8:273; 8x8:269
kodim16.png,59.29748943011203,15,20260811,839867594481428302,14.97023286423018,32,3425,114.80759124087591,128.0,16x8:737; 16x4:523; 8x8:398; 8x16:302; 8x4:296; 16x16:228
kodim16.png,59.29748943011203,15,20260812,9918704998727921452,14.951196156155442,32,3289,119.55487990270599,128.0,16x8:792; 16x4:534; 8x8:395; 8x16:295; 8x4:267; 32x4:210
kodim16.png,59.29748943011203,15,20260813,6514449618395202739,14.938597145382753,32,3315,118.61719457013575,128.0,16x8:721; 16x4:591; 8x8:391; 8x4:290; 8x16:278; 16x16:218
kodim16.png,59.29748943011203,30,20260811,839867594481428302,29.52062366512541,32,2742,143.40481400437636,128.0,16x8:615; 8x8:351; 8x16:316; 16x4:307; 16x16:265; 4x16:179
kodim16.png,59.29748943011203,30,20260812,9918704998727921452,29.49047878949066,32,2797,140.58491240614944,128.0,16x8:581; 16x4:371; 8x16:360; 8x8:344; 16x16:236; 4x16:181
kodim16.png,59.29748943011203,30,20260813,6514449618395202739,29.47193642814371,32,2766,142.16052060737528,128.0,16x8:653; 8x8:390; 16x4:341; 8x16:302; 16x16:267; 32x4:169
kodim17.png,69.94741313259297,5,20260811,11478450625294225876,4.992641883989961,32,4075,96.49472392638037,64.0,8x8:732; 8x4:651; 4x8:570; 4x4:534; 8x16:297; 16x8:290
kodim17.png,69.94741313259297,5,20260812,16809219869547984564,4.996419769220147,32,4166,94.38694191070572,64.0,8x8:649; 8x4:648; 4x8:644; 4x4:636; 16x8:362; 8x16:317
kodim17.png,69.94741313259297,5,20260813,3949196864562796157,4.998648905996166,32,4056,96.94674556213018,64.0,8x4:677; 4x8:593; 8x8:582; 4x4:580; 16x8:293; 8x16:291
kodim17.png,69.94741313259297,15,20260811,11478450625294225876,14.577544075041091,32,4371,89.9601921757035,64.0,8x8:786; 16x8:572; 8x16:557; 8x4:546; 4x8:416; 16x4:414
kodim17.png,69.94741313259297,15,20260812,16809219869547984564,14.57952383511852,32,4483,87.7126923934865,64.0,8x8:832; 16x8:554; 8x4:551; 8x16:537; 4x8:514; 4x16:392
kodim17.png,69.94741313259297,15,20260813,3949196864562796157,14.59853653213939,32,4299,91.46685275645498,64.0,8x8:789; 4x8:529; 8x16:488; 16x8:484; 8x4:471; 16x4:382
kodim17.png,69.94741313259297,30,20260811,11478450625294225876,28.22580540388958,32,3559,110.48496768755268,64.0,8x8:611; 16x8:575; 8x16:547; 4x16:420; 16x4:276; 4x8:265
kodim17.png,69.94741313259297,30,20260812,16809219869547984564,28.21306723273874,32,3463,113.54779093271729,64.0,8x8:563; 16x8:557; 8x16:514; 4x16:391; 4x8:269; 16x16:255
kodim17.png,69.94741313259297,30,20260813,3949196864562796157,28.27017184903017,32,3511,111.99544289376246,64.0,16x8:600; 8x8:560; 8x16:513; 4x16:381; 16x4:319; 16x16:248
kodim18.png,91.82265666221684,5,20260811,5131668710055686531,4.9957099311780855,32,4501,87.36191957342812,64.0,4x8:746; 8x4:709; 8x8:671; 4x4:602; 8x16:358; 16x8:316
kodim18.png,91.82265666221684,5,20260812,3840689921183344918,4.999899036659677,32,4496,87.45907473309609,64.0,4x8:705; 8x4:700; 8x8:684; 4x4:658; 8x16:373; 16x8:322
kodim18.png,91.82265666221684,5,20260813,7186236517007500747,4.990523704308168,32,4543,86.55425930002201,64.0,8x4:778; 8x8:712; 4x8:706; 4x4:600; 8x16:384; 16x8:344
kodim18.png,91.82265666221684,15,20260811,5131668710055686531,14.801777281025524,32,4696,83.73424190800681,64.0,8x8:830; 4x8:719; 8x16:597; 8x4:536; 16x8:470; 4x16:445
kodim18.png,91.82265666221684,15,20260812,3840689921183344918,14.823535183377988,32,4859,80.92529327022021,64.0,8x8:954; 4x8:714; 8x16:648; 8x4:566; 4x16:492; 16x8:457
kodim18.png,91.82265666221684,15,20260813,7186236517007500747,14.792233021957127,32,4936,79.66288492706646,64.0,8x8:1011; 4x8:722; 8x4:603; 8x16:523; 4x16:469; 16x8:442
kodim18.png,91.82265666221684,30,20260811,5131668710055686531,28.62146698361403,32,3712,105.93103448275862,64.0,8x8:649; 8x16:576; 16x8:516; 4x16:369; 8x4:342; 4x8:332
kodim18.png,91.82265666221684,30,20260812,3840689921183344918,28.66939126603107,32,3652,107.67141292442497,64.0,8x8:684; 16x8:544; 8x16:523; 4x16:382; 16x16:293; 4x8:287
kodim18.png,91.82265666221684,30,20260813,7186236517007500747,28.61718261229938,32,3611,108.89393519800609,64.0,8x8:696; 8x16:576; 16x8:482; 4x16:391; 4x8:335; 16x16:253
kodim19.png,107.11715209029364,5,20260811,11158180662501833246,5.001064187287651,32,3170,124.0429022082019,64.0,8x4:517; 4x8:490; 4x4:434; 8x8:327; 16x8:287; 16x4:277
kodim19.png,107.11715209029364,5,20260812,15392102183816838238,4.99460285083134,32,2921,134.61691201643274,64.0,8x4:443; 4x8:415; 4x4:384; 8x8:288; 16x8:250; 16x4:240
kodim19.png,107.11715209029364,5,20260813,7217516314900301294,5.001773265468322,32,3066,128.2504892367906,64.0,8x4:464; 4x4:462; 4x8:431; 8x8:321; 16x8:283; 16x4:240
kodim19.png,107.11715209029364,15,20260811,11158180662501833246,14.912552136449706,32,4107,95.74287801314829,64.0,8x8:559; 8x4:491; 16x8:464; 4x8:462; 16x4:439; 8x16:427
kodim19.png,107.11715209029364,15,20260812,15392102183816838238,14.897928555615026,32,3934,99.95322826639553,64.0,16x8:612; 8x8:568; 8x4:461; 4x8:439; 16x4:392; 8x16:355
kodim19.png,107.11715209029364,15,20260813,7217516314900301294,14.918440956565947,32,3987,98.62452972159518,64.0,8x8:545; 16x8:506; 4x8:465; 8x16:440; 8x4:417; 16x4:400
kodim19.png,107.11715209029364,30,20260811,11158180662501833246,29.386406857587648,32,2987,131.6424506193505,128.0,8x8:426; 16x8:417; 8x16:407; 4x16:262; 16x4:250; 4x8:240
kodim19.png,107.11715209029364,30,20260812,15392102183816838238,29.37470231142101,32,2958,132.93306288032454,128.0,16x8:438; 8x8:418; 8x16:333; 16x4:273; 4x16:259; 16x16:258
kodim19.png,107.11715209029364,30,20260813,7217516314900301294,29.409833667418365,32,3156,124.59315589353612,128.0,16x8:524; 8x8:388; 8x16:376; 4x16:318; 16x4:272; 4x8:268
kodim20.png,85.85981952243698,5,20260811,10659667478836861109,4.3788702421951,32,2688,146.28571428571428,64.0,8x4:523; 4x4:398; 4x8:320; 8x8:297; 16x4:273; 16x8:237
kodim20.png,85.85981952243698,5,20260812,17778329836125886591,4.392692034103673,32,2750,142.98763636363637,64.0,8x4:510; 4x4:386; 8x8:377; 4x8:361; 16x8:244; 16x4:241
kodim20.png,85.85981952243698,5,20260813,6881640258467122219,4.38442501113004,32,2686,146.3946388682055,64.0,8x4:501; 4x4:438; 4x8:322; 8x8:306; 16x4:265; 16x8:263
kodim20.png,85.85981952243698,15,20260811,10659667478836861109,12.922175522691905,32,3467,113.41678684741852,64.0,8x4:482; 8x8:469; 16x8:459; 4x8:335; 16x4:326; 4x4:302
kodim20.png,85.85981952243698,15,20260812,17778329836125886591,12.965265674627416,32,3571,110.11369364323718,64.0,8x4:528; 8x8:448; 4x8:410; 16x8:399; 4x4:368; 16x4:317
kodim20.png,85.85981952243698,15,20260813,6881640258467122219,12.937955151105786,32,3446,114.10795124782356,64.0,8x8:479; 8x4:439; 16x8:392; 4x4:360; 4x8:349; 16x4:337
kodim20.png,85.85981952243698,30,20260811,10659667478836861109,25.211981929158682,32,3772,104.24602332979852,64.0,16x8:488; 16x4:472; 8x8:464; 8x16:372; 8x4:364; 32x4:363
kodim20.png,85.85981952243698,30,20260812,17778329836125886591,25.30395534390917,32,3861,101.84304584304584,64.0,8x8:519; 16x8:515; 16x4:482; 8x4:442; 8x16:382; 32x4:298
kodim20.png,85.85981952243698,30,20260813,6881640258467122219,25.251799919007293,32,3791,103.72355579002901,64.0,8x8:573; 16x8:526; 16x4:414; 8x4:403; 8x16:393; 4x16:290
kodim21.png,97.74606076405574,5,20260811,6205045503436791406,4.990282406610006,32,3967,99.12175447441392,32.0,8x4:1052; 4x4:756; 8x8:455; 16x4:429; 16x8:397; 4x8:366
kodim21.png,97.74606076405574,5,20260812,387708388235398927,4.984530614897089,32,3934,99.95322826639553,32.0,8x4:993; 4x4:684; 16x4:471; 8x8:460; 4x8:405; 16x8:338
kodim21.png,97.74606076405574,5,20260813,8485382431274988306,4.973298811669146,32,3674,107.02667392487751,64.0,8x4:871; 4x4:628; 16x4:442; 8x8:435; 16x8:408; 4x8:325
kodim21.png,97.74606076405574,15,20260811,6205045503436791406,14.920442469140616,32,4410,89.16462585034013,64.0,8x4:826; 8x8:618; 16x8:573; 16x4:528; 4x8:449; 4x4:410
kodim21.png,97.74606076405574,15,20260812,387708388235398927,14.901189407563786,32,4288,91.70149253731343,64.0,8x4:718; 16x4:655; 8x8:629; 16x8:629; 4x8:418; 4x4:364
kodim21.png,97.74606076405574,15,20260813,8485382431274988306,14.869912182998194,32,4263,92.23926812104152,64.0,8x4:807; 8x8:606; 16x8:590; 16x4:566; 4x4:460; 4x8:365
kodim21.png,97.74606076405574,30,20260811,6205045503436791406,29.527119687118407,32,3267,120.35996326905418,64.0,16x8:563; 8x8:504; 16x4:393; 8x4:306; 8x16:290; 4x8:239
kodim21.png,97.74606076405574,30,20260812,387708388235398927,29.49661817401468,32,3433,114.54005243227498,64.0,16x8:614; 8x8:519; 8x4:364; 16x4:357; 8x16:330; 4x16:248
kodim21.png,97.74606076405574,30,20260813,8485382431274988306,29.444751232476314,32,3358,117.0982727814175,64.0,16x8:633; 8x8:517; 16x4:448; 8x4:337; 8x16:296; 16x16:214
kodim22.png,71.06697134314325,5,20260811,472502835663233238,4.995336010348308,32,3649,107.75993422855576,64.0,8x4:525; 8x8:484; 4x8:451; 8x16:398; 16x8:371; 4x4:360
kodim22.png,71.06697134314325,5,20260812,16914754856228261656,4.9774344821656165,32,3615,108.77344398340249,64.0,8x8:505; 8x4:485; 4x8:466; 4x4:454; 16x8:345; 8x16:333
kodim22.png,71.06697134314325,5,20260813,4344353258983084894,4.990550457822295,32,3623,108.53325972950593,64.0,8x8:513; 4x8:500; 8x4:453; 4x4:382; 16x8:340; 8x16:323
kodim22.png,71.06697134314325,15,20260811,472502835663233238,14.940542169322832,32,4025,97.69341614906833,64.0,8x8:641; 8x16:630; 16x8:518; 4x8:426; 8x4:379; 4x16:370
kodim22.png,71.06697134314325,15,20260812,16914754856228261656,14.89262418879488,32,3920,100.31020408163265,64.0,8x8:666; 8x16:532; 16x8:520; 4x16:419; 8x4:389; 4x8:337
kodim22.png,71.06697134314325,15,20260813,4344353258983084894,14.931039772560338,32,3984,98.6987951807229,64.0,8x8:657; 8x16:559; 16x8:515; 4x16:425; 4x8:404; 8x4:377
kodim22.png,71.06697134314325,30,20260811,472502835663233238,29.607656432027387,32,3326,118.22489476849069,64.0,8x8:529; 8x16:519; 16x8:513; 4x16:361; 16x4:308; 4x8:234
kodim22.png,71.06697134314325,30,20260812,16914754856228261656,29.513243681992154,32,3232,121.66336633663366,128.0,16x8:509; 8x16:495; 8x8:460; 4x16:330; 16x4:309; 16x16:272
kodim22.png,71.06697134314325,30,20260813,4344353258983084894,29.58927641439063,32,3246,121.13863216266174,128.0,16x8:526; 8x16:497; 8x8:484; 4x16:388; 16x4:291; 16x16:255
kodim23.png,62.995112412459626,5,20260811,7653253979731712893,4.98386500827778,32,1997,196.90335503254883,64.0,8x16:246; 8x8:242; 4x8:219; 8x4:197; 16x16:153; 4x4:152
kodim23.png,62.995112412459626,5,20260812,2482659922088655412,4.986829577826101,32,1962,200.41590214067278,64.0,8x8:223; 8x4:222; 4x8:212; 8x16:198; 4x4:172; 16x16:160
kodim23.png,62.995112412459626,5,20260813,16579909480486117925,4.9718575986201605,32,2015,195.14441687344913,64.0,8x8:238; 4x8:219; 8x16:209; 8x4:197; 4x4:164; 16x8:161
kodim23.png,62.995112412459626,15,20260811,7653253979731712893,14.864841871501563,32,3277,119.99267622825755,64.0,8x16:534; 8x8:471; 16x8:445; 4x16:301; 16x16:296; 4x8:271
kodim23.png,62.995112412459626,15,20260812,2482659922088655412,14.869057459389667,32,3195,123.07230046948357,64.0,8x16:509; 8x8:497; 16x8:388; 4x8:319; 16x16:289; 8x4:269
kodim23.png,62.995112412459626,15,20260813,16579909480486117925,14.826451937769477,32,3130,125.62811501597444,128.0,8x16:532; 8x8:437; 16x8:409; 16x16:336; 4x16:270; 4x8:253
kodim23.png,62.995112412459626,30,20260811,7653253979731712893,29.151558572533393,32,2730,144.03516483516484,128.0,8x16:469; 16x8:465; 8x8:333; 4x16:250; 16x4:244; 16x16:239
kodim23.png,62.995112412459626,30,20260812,2482659922088655412,29.149820865279167,32,2700,145.63555555555556,128.0,8x16:526; 16x8:365; 8x8:341; 16x16:262; 4x16:250; 16x4:179
kodim23.png,62.995112412459626,30,20260813,16579909480486117925,29.07319283613363,32,2771,141.90400577408877,128.0,16x8:486; 8x16:451; 8x8:393; 4x16:274; 16x16:251; 16x4:177
kodim24.png,104.01888000914333,5,20260811,4058825208788583830,4.93421949383551,32,5415,72.61606648199447,64.0,4x8:915; 4x4:898; 8x4:848; 8x8:794; 8x16:387; 4x16:385
kodim24.png,104.01888000914333,5,20260812,11460511596401735980,4.930358615338884,32,5505,71.42888283378747,64.0,8x4:977; 4x4:894; 4x8:862; 8x8:819; 4x16:382; 16x4:380
kodim24.png,104.01888000914333,5,20260813,2569595887914282059,4.927591546309984,32,5441,72.26906818599522,64.0,8x4:945; 4x8:902; 4x4:850; 8x8:822; 8x16:411; 4x16:396
kodim24.png,104.01888000914333,15,20260811,4058825208788583830,14.755508945830648,32,5078,77.43521071287908,64.0,8x8:874; 8x4:721; 4x8:690; 8x16:594; 16x8:521; 4x4:518
kodim24.png,104.01888000914333,15,20260812,11460511596401735980,14.74811839370654,32,5169,76.07196749854904,64.0,8x8:901; 4x8:741; 8x4:719; 4x4:576; 8x16:572; 16x8:509
kodim24.png,104.01888000914333,15,20260813,2569595887914282059,14.739384252419171,32,4898,80.28093099224174,64.0,8x8:912; 8x4:664; 4x8:619; 8x16:560; 16x8:533; 4x16:447
kodim24.png,104.01888000914333,30,20260811,4058825208788583830,29.154916267377274,32,4053,97.01850481125092,64.0,8x8:636; 8x16:634; 16x8:486; 4x16:445; 8x4:410; 4x8:387
kodim24.png,104.01888000914333,30,20260812,11460511596401735980,29.146922754882745,32,3913,100.48964988499873,64.0,8x8:638; 8x16:607; 16x8:573; 4x16:421; 4x8:359; 16x4:341
kodim24.png,104.01888000914333,30,20260813,2569595887914282059,29.127497357221095,32,3984,98.6987951807229,64.0,8x8:661; 8x16:591; 16x8:519; 4x16:399; 8x4:387; 4x8:369
