source,source_sobel_si,qp,cu_count,coded_area,mean_area,median_area,mean_equivalent_side,cu_density_per_mpixel,dominant_sizes
kodim01.png,110.23951076191508,22,7284,393216,53.9835255354201,32.0,6.946916916926026,18524.169921875,8x4:1738; 4x8:1253; 4x4:1058; 8x8:1034; 16x4:813; 16x8:482
kodim01.png,110.23951076191508,27,6583,393216,59.73203706516786,32.0,7.242499598935987,16741.434733072918,8x4:1461; 4x8:967; 4x4:952; 16x4:867; 8x8:813; 16x8:499
kodim01.png,110.23951076191508,32,5503,393216,71.45484281301108,64.0,7.8517360148046285,13994.852701822916,8x4:1070; 16x4:769; 4x8:766; 8x8:672; 4x4:584; 16x8:547
kodim01.png,110.23951076191508,37,4140,393216,94.97971014492754,64.0,9.047252993112778,10528.564453125,8x8:576; 16x4:575; 8x4:570; 16x8:531; 4x16:349; 4x8:339
kodim02.png,51.75380456078816,22,6700,393216,58.6889552238806,32.0,7.106496947412821,17038.981119791668,8x4:1398; 4x8:1264; 4x4:1128; 8x8:783; 16x4:522; 4x16:504
kodim02.png,51.75380456078816,27,4660,393216,84.38111587982833,64.0,8.270337706264545,11850.992838541666,8x4:719; 4x8:707; 8x8:577; 4x4:568; 4x16:426; 16x4:392
kodim02.png,51.75380456078816,32,2747,393216,143.14379322897707,64.0,10.54466427562075,6985.982259114583,16x4:258; 8x8:257; 8x16:256; 16x8:253; 4x16:250; 8x4:243
kodim02.png,51.75380456078816,37,1593,393216,246.83992467043313,128.0,13.573092045720532,4051.20849609375,16x8:156; 16x4:116; 32x4:115; 8x16:111; 16x16:111; 32x8:111
kodim03.png,57.51267606176813,22,4306,393216,91.31816070599164,32.0,8.149292937270596,10950.724283854166,8x4:909; 4x4:844; 4x8:529; 8x8:510; 16x8:299; 16x4:282
kodim03.png,57.51267606176813,27,3397,393216,115.75390050044156,64.0,9.038602852701484,8639.017740885416,8x4:630; 4x4:564; 4x8:412; 8x8:327; 16x8:251; 16x4:211
kodim03.png,57.51267606176813,32,2645,393216,148.66389413988657,64.0,9.960691761473074,6726.582845052083,8x4:499; 4x4:350; 4x8:288; 8x8:262; 16x16:193; 16x8:184
kodim03.png,57.51267606176813,37,1653,393216,237.8802177858439,128.0,12.586293661643689,4203.79638671875,8x8:194; 8x4:157; 8x16:144; 16x8:138; 16x16:137; 4x8:133
kodim04.png,58.9093989486344,22,4592,393216,85.63066202090593,64.0,8.163799512909883,11678.059895833334,4x8:770; 8x4:732; 4x4:716; 8x8:619; 8x16:348; 16x8:294
kodim04.png,58.9093989486344,27,3509,393216,112.05927614705044,64.0,9.189164940739966,8923.848470052084,4x8:517; 4x4:476; 8x8:430; 8x4:411; 8x16:306; 16x8:277
kodim04.png,58.9093989486344,32,2418,393216,162.62034739454094,128.0,11.033295729232782,6149.2919921875,8x8:267; 16x8:247; 8x16:244; 8x4:221; 4x8:209; 4x4:196
kodim04.png,58.9093989486344,37,1586,393216,247.92938209331652,128.0,13.517595328865882,4033.4065755208335,16x8:154; 8x8:131; 8x16:128; 16x16:124; 8x4:120; 32x32:115
kodim05.png,124.58553775898054,22,10279,393216,38.254304893472124,32.0,5.769762272284961,26140.848795572918,4x4:3720; 4x8:2247; 8x4:2221; 8x8:1025; 16x4:293; 4x16:276
kodim05.png,124.58553775898054,27,9663,393216,40.69295249922384,32.0,5.923246237075975,24574.27978515625,4x4:3264; 8x4:2158; 4x8:2032; 8x8:1052; 16x4:312; 4x16:257
kodim05.png,124.58553775898054,32,8428,393216,46.65590887517798,32.0,6.297863162028203,21433.512369791668,4x4:2380; 4x8:1828; 8x4:1742; 8x8:1137; 16x4:329; 4x16:288
kodim05.png,124.58553775898054,37,6522,393216,60.29070837166513,32.0,7.0947297433897365,16586.3037109375,4x4:1288; 4x8:1251; 8x4:1191; 8x8:1111; 16x8:387; 16x4:364
kodim06.png,95.02732464362501,22,5283,393216,74.43043725156161,64.0,7.760281099901036,13435.36376953125,8x4:1375; 16x4:914; 4x4:798; 16x8:657; 8x8:456; 4x8:446
kodim06.png,95.02732464362501,27,4373,393216,89.91904870798079,64.0,8.36193135250615,11121.114095052084,8x4:1024; 16x4:712; 4x4:554; 16x8:529; 8x8:457; 4x8:363
kodim06.png,95.02732464362501,32,3541,393216,111.04659700649535,64.0,9.153300701781333,9005.228678385416,8x4:693; 16x4:494; 16x8:433; 4x4:408; 8x8:327; 4x8:283
kodim06.png,95.02732464362501,37,2463,393216,159.6492082825822,64.0,10.798674985904523,6263.73291015625,8x4:335; 16x4:328; 16x8:299; 8x8:257; 32x8:195; 32x4:187
kodim07.png,77.83309744211552,22,5890,393216,66.75993208828523,32.0,7.112774698491361,14979.044596354166,4x4:1612; 4x8:1072; 8x4:1058; 8x8:697; 16x8:299; 8x16:266
kodim07.png,77.83309744211552,27,5334,393216,73.71878515185603,32.0,7.378178696793657,13565.0634765625,4x4:1376; 4x8:1002; 8x4:930; 8x8:555; 16x8:279; 8x16:258
kodim07.png,77.83309744211552,32,4414,393216,89.08382419574083,32.0,8.027575510398105,11225.382486979166,4x4:876; 8x4:768; 4x8:744; 8x8:525; 16x8:263; 8x16:250
kodim07.png,77.83309744211552,37,3233,393216,121.62573461181564,64.0,9.306589194679185,8221.944173177084,8x4:493; 4x8:456; 4x4:434; 8x8:382; 16x8:245; 8x16:244
kodim08.png,157.11382891853802,22,9176,393216,42.85265911072363,32.0,6.117225621174677,23335.774739583332,4x4:2640; 4x8:2161; 8x4:1869; 8x8:915; 4x16:590; 16x4:380
kodim08.png,157.11382891853802,27,8115,393216,48.45545286506469,32.0,6.443936802285514,20637.51220703125,4x4:1996; 4x8:1902; 8x4:1598; 8x8:868; 4x16:585; 16x4:394
kodim08.png,157.11382891853802,32,6732,393216,58.409982174688054,32.0,6.996867790409848,17120.361328125,4x8:1452; 4x4:1310; 8x4:1217; 8x8:776; 4x16:605; 16x4:385
kodim08.png,157.11382891853802,37,5296,393216,74.24773413897282,64.0,7.78866175266352,13468.424479166666,4x8:1008; 8x4:804; 4x4:752; 8x8:631; 4x16:587; 16x4:352
kodim09.png,81.27218115066475,22,3790,393216,103.7509234828496,32.0,8.508227158511339,9638.468424479166,4x4:706; 4x8:669; 8x4:572; 8x8:367; 16x4:255; 16x8:245
kodim09.png,81.27218115066475,27,2999,393216,131.11570523507837,64.0,9.20956980279046,7626.851399739583,4x4:482; 4x8:457; 8x4:410; 8x8:326; 4x16:222; 16x4:190
kodim09.png,81.27218115066475,32,2411,393216,163.092492741601,64.0,10.163833266258111,6131.490071614583,4x8:349; 4x4:292; 8x4:285; 8x8:235; 16x8:182; 16x4:172
kodim09.png,81.27218115066475,37,1729,393216,227.42394447657605,64.0,11.944480241588877,4397.074381510417,4x8:183; 8x16:147; 4x4:144; 4x16:144; 16x8:143; 8x8:141
kodim10.png,74.26826721681805,22,5346,393216,73.55331088664423,32.0,7.697355895529524,13595.5810546875,4x8:1051; 4x4:912; 8x4:853; 8x8:619; 4x16:458; 8x16:379
kodim10.png,74.26826721681805,27,4242,393216,92.6958981612447,64.0,8.476509481732071,10787.9638671875,4x8:691; 4x4:642; 8x4:602; 8x8:533; 8x16:346; 4x16:276
kodim10.png,74.26826721681805,32,3250,393216,120.98953846153846,64.0,9.543648344920566,8265.177408854166,8x4:444; 4x8:420; 8x8:373; 4x4:372; 16x8:292; 8x16:251
kodim10.png,74.26826721681805,37,2210,393216,177.9257918552036,64.0,11.342552342495846,5620.320638020833,8x8:262; 4x8:225; 16x8:217; 8x4:203; 16x4:175; 8x16:171
kodim11.png,86.14149975992052,22,6072,393216,64.7588932806324,32.0,7.237760386475781,15441.89453125,8x4:1314; 4x4:1198; 4x8:897; 16x4:747; 8x8:563; 16x8:450
kodim11.png,86.14149975992052,27,5250,393216,74.89828571428572,32.0,7.672046280783558,13351.4404296875,8x4:1087; 4x4:884; 4x8:767; 16x4:612; 8x8:537; 16x8:367
kodim11.png,86.14149975992052,32,4243,393216,92.67405137874145,64.0,8.428868253380585,10790.506998697916,8x4:743; 4x4:602; 4x8:578; 16x4:489; 8x8:384; 16x8:284
kodim11.png,86.14149975992052,37,3047,393216,129.05021332458156,64.0,9.558063350320436,7748.921712239583,8x4:443; 4x4:382; 4x8:370; 8x8:321; 16x8:226; 4x16:216
kodim12.png,70.56561774490432,22,4344,393216,90.51933701657458,64.0,8.541759206892863,11047.36328125,8x4:691; 4x4:600; 4x8:547; 16x8:514; 16x4:502; 8x8:462
kodim12.png,70.56561774490432,27,3403,393216,115.54980899206582,64.0,9.474265676392129,8654.276529947916,8x4:432; 4x8:405; 16x8:403; 4x4:374; 16x4:373; 8x8:364
kodim12.png,70.56561774490432,32,2462,393216,159.7140536149472,64.0,10.741283080346172,6261.189778645833,16x8:292; 8x4:280; 8x8:271; 16x4:243; 4x8:224; 32x8:185
kodim12.png,70.56561774490432,37,1437,393216,273.6367432150313,128.0,13.120497140234205,3654.47998046875,16x8:168; 16x4:131; 8x8:125; 4x8:111; 8x4:110; 8x16:103
kodim13.png,120.74199594548327,22,8314,393216,47.29564589848449,32.0,6.444415455107298,21143.595377604168,8x4:2222; 4x4:2010; 4x8:1273; 8x8:1119; 16x4:604; 16x8:417
kodim13.png,120.74199594548327,27,7577,393216,51.896001055826844,32.0,6.73044576423621,19269.307454427082,8x4:2090; 4x4:1588; 4x8:1008; 8x8:964; 16x4:700; 16x8:515
kodim13.png,120.74199594548327,32,6551,393216,60.02381315829644,32.0,7.1242427056997535,16660.054524739582,8x4:1795; 4x4:1214; 4x8:746; 8x8:731; 16x4:717; 16x8:566
kodim13.png,120.74199594548327,37,4969,393216,79.13382974441538,64.0,8.058752311015157,12636.820475260416,8x4:1049; 8x8:683; 4x4:650; 16x4:580; 16x8:536; 4x8:514
kodim14.png,86.5443794422766,22,8159,393216,48.19414143890182,32.0,6.466949461516194,20749.409993489582,8x4:2272; 4x4:2084; 4x8:1092; 8x8:867; 16x4:820; 16x8:569
kodim14.png,86.5443794422766,27,7483,393216,52.54790859281037,32.0,6.681270885654409,19030.253092447918,8x4:2026; 4x4:1802; 4x8:997; 8x8:844; 16x4:678; 16x8:521
kodim14.png,86.5443794422766,32,5962,393216,65.95370680979536,32.0,7.359733429464508,15162.150065104166,8x4:1347; 4x4:1172; 8x8:776; 4x8:761; 16x4:588; 16x8:524
kodim14.png,86.5443794422766,37,4159,393216,94.54580427987497,64.0,8.662100961246948,10576.883951822916,8x4:677; 8x8:632; 4x4:548; 16x8:497; 4x8:453; 16x4:413
kodim15.png,79.98228967095284,22,4040,393216,97.33069306930693,32.0,8.312894427117584,10274.251302083334,4x8:731; 4x4:728; 8x4:579; 8x8:507; 8x16:318; 4x16:262
kodim15.png,79.98228967095284,27,3121,393216,125.9903876962512,64.0,9.302925898541933,7937.113444010417,4x8:501; 8x8:456; 4x4:388; 8x4:379; 4x16:275; 8x16:261
kodim15.png,79.98228967095284,32,2249,393216,174.84037349933303,64.0,10.78242771377728,5719.502766927083,8x8:315; 4x8:297; 8x16:247; 8x4:220; 4x4:182; 16x8:158
kodim15.png,79.98228967095284,37,1530,393216,257.00392156862745,128.0,13.294121789351088,3890.9912109375,8x8:166; 8x16:153; 16x8:149; 4x8:139; 16x16:137; 4x16:125
kodim16.png,59.29748943011203,22,4528,393216,86.84098939929329,64.0,8.381690256283669,11515.299479166666,8x4:970; 16x4:810; 16x8:619; 4x4:566; 8x8:410; 4x8:363
kodim16.png,59.29748943011203,27,3379,393216,116.37052382361645,64.0,9.544677222685388,8593.241373697916,8x4:600; 16x4:529; 16x8:498; 4x4:316; 8x8:294; 32x4:265
kodim16.png,59.29748943011203,32,2594,393216,151.58673862760216,64.0,10.606572603018522,6596.883138020833,8x4:392; 16x4:345; 16x8:287; 32x4:250; 32x8:247; 4x4:220
kodim16.png,59.29748943011203,37,1617,393216,243.17625231910947,128.0,13.237060944847617,4112.24365234375,16x8:196; 32x8:186; 32x4:166; 8x8:160; 32x16:159; 16x4:152
kodim17.png,69.94741313259297,22,6543,393216,60.09720311783585,32.0,6.824901088134435,16639.70947265625,4x4:1674; 8x4:1449; 4x8:1246; 8x8:730; 16x4:312; 16x8:267
kodim17.png,69.94741313259297,27,5362,393216,73.33383066020141,32.0,7.450649184195242,13636.271158854166,4x4:1080; 8x4:1038; 4x8:1020; 8x8:733; 16x8:282; 16x4:279
kodim17.png,69.94741313259297,32,3987,393216,98.62452972159518,64.0,8.566331987780591,10139.46533203125,8x4:692; 4x4:598; 8x8:585; 4x8:509; 16x8:297; 8x16:290
kodim17.png,69.94741313259297,37,2521,393216,155.9761999206664,64.0,10.752253760154636,6411.234537760417,8x8:315; 8x16:273; 16x8:271; 4x8:255; 16x16:235; 8x4:233
kodim18.png,91.82265666221684,22,6101,393216,64.45107359449271,32.0,7.26623823168305,15515.645345052084,4x4:1240; 4x8:1136; 8x4:1108; 8x8:869; 8x16:419; 4x16:375
kodim18.png,91.82265666221684,27,5207,393216,75.51680430190129,32.0,7.746069485780746,13242.085774739584,4x4:942; 4x8:932; 8x4:863; 8x8:771; 8x16:367; 4x16:337
kodim18.png,91.82265666221684,32,4226,393216,93.04685281590156,64.0,8.529120077768026,10747.273763020834,8x8:664; 8x4:638; 4x8:631; 4x4:610; 8x16:351; 16x8:280
kodim18.png,91.82265666221684,37,3171,393216,124.00378429517502,64.0,9.696040363259087,8064.27001953125,8x8:528; 4x8:374; 8x4:359; 16x8:337; 8x16:317; 4x4:282
kodim19.png,107.11715209029364,22,4681,393216,84.00256355479598,32.0,7.987986614618352,11904.398600260416,4x4:902; 8x4:879; 4x8:646; 8x8:531; 16x8:506; 16x4:360
kodim19.png,107.11715209029364,27,3811,393216,103.17921805300446,64.0,8.480334395253697,9691.874186197916,8x4:652; 4x4:642; 4x8:549; 8x8:458; 16x8:351; 16x4:332
kodim19.png,107.11715209029364,32,2854,393216,137.7771548703574,64.0,9.447957393593999,7258.097330729167,8x4:460; 4x8:416; 4x4:396; 8x8:311; 16x8:238; 16x4:200
kodim19.png,107.11715209029364,37,2045,393216,192.28166259168705,64.0,11.067617558939633,5200.703938802083,4x8:232; 16x8:220; 8x8:205; 8x4:196; 4x4:176; 16x4:170
kodim20.png,85.85981952243698,22,3991,393216,98.5256827862691,32.0,7.656032055997047,10149.637858072916,4x4:994; 8x4:907; 4x8:526; 8x8:491; 16x4:274; 16x8:254
kodim20.png,85.85981952243698,27,3312,393216,118.72463768115942,32.0,8.377039454276577,8422.8515625,8x4:718; 4x4:634; 4x8:441; 8x8:381; 16x8:278; 16x4:265
kodim20.png,85.85981952243698,32,2611,393216,150.59977020298737,64.0,9.3525404451323,6640.116373697917,8x4:478; 4x4:390; 8x8:345; 4x8:321; 16x8:254; 16x4:229
kodim20.png,85.85981952243698,37,1912,393216,205.65690376569037,64.0,10.834136638450481,4862.467447916667,8x8:246; 4x4:244; 8x4:221; 4x8:211; 16x8:188; 16x4:159
kodim21.png,97.74606076405574,22,5104,393216,77.04075235109718,32.0,7.379783103950224,12980.143229166666,8x4:1329; 4x4:1082; 8x8:614; 16x4:591; 4x8:556; 16x8:429
kodim21.png,97.74606076405574,27,4681,393216,84.00256355479598,32.0,7.472941020819281,11904.398600260416,8x4:1288; 4x4:1064; 16x4:560; 4x8:446; 8x8:441; 16x8:364
kodim21.png,97.74606076405574,32,3686,393216,106.67824199674443,32.0,8.324076508992832,9373.982747395834,8x4:868; 4x4:604; 16x4:474; 8x8:405; 4x8:380; 16x8:370
kodim21.png,97.74606076405574,37,2956,393216,133.02300405953991,64.0,9.07554287741113,7517.496744791667,8x4:611; 16x4:407; 4x4:402; 8x8:351; 16x8:345; 4x8:250
kodim22.png,71.06697134314325,22,5509,393216,71.37701942276276,32.0,7.545388742302623,14010.111490885416,8x4:1045; 4x8:1030; 4x4:906; 8x8:807; 16x4:373; 8x16:334
kodim22.png,71.06697134314325,27,4487,393216,87.63449966570091,64.0,8.23256551746209,11411.031087239584,8x4:743; 4x8:693; 8x8:659; 4x4:636; 8x16:361; 16x4:329
kodim22.png,71.06697134314325,32,3335,393216,117.90584707646177,64.0,9.484062464633128,8481.343587239584,8x8:443; 4x8:430; 8x4:372; 16x8:356; 4x4:336; 8x16:331
kodim22.png,71.06697134314325,37,2274,393216,172.91820580474933,128.0,11.52322089373433,5783.0810546875,8x8:263; 16x8:255; 8x16:244; 16x16:229; 4x8:196; 8x4:164
kodim23.png,62.995112412459626,22,3522,393216,111.64565587734242,64.0,8.770653474833894,8956.9091796875,4x8:674; 8x4:531; 4x4:510; 8x8:438; 8x16:272; 4x16:269
kodim23.png,62.995112412459626,27,2698,393216,145.74351371386211,64.0,9.817166790436353,6861.368815104167,4x8:389; 8x4:378; 4x4:322; 8x8:318; 8x16:282; 4x16:209
kodim23.png,62.995112412459626,32,1944,393216,202.2716049382716,64.0,11.41896893036419,4943.84765625,8x16:229; 8x8:211; 8x4:200; 4x8:188; 4x4:184; 16x16:173
kodim23.png,62.995112412459626,37,1280,393216,307.2,128.0,14.275940648674691,3255.2083333333335,16x16:142; 8x16:141; 8x8:105; 16x8:105; 32x32:104; 8x4:98
kodim24.png,104.01888000914333,22,8275,393216,47.5185498489426,32.0,6.374967974923802,21044.413248697918,4x4:2192; 8x4:1874; 4x8:1708; 8x8:933; 4x16:440; 16x4:322
kodim24.png,104.01888000914333,27,7023,393216,55.989747970952585,32.0,6.8326914673965815,17860.41259765625,4x4:1650; 8x4:1422; 4x8:1309; 8x8:838; 16x4:404; 4x16:396
kodim24.png,104.01888000914333,32,5364,393216,73.30648769574944,64.0,7.742348751466547,13641.357421875,4x4:910; 4x8:874; 8x4:861; 8x8:794; 8x16:383; 4x16:380
kodim24.png,104.01888000914333,37,3696,393216,106.3896103896104,64.0,9.287656943778677,9399.4140625,8x8:585; 8x4:482; 4x8:389; 8x16:376; 16x8:353; 4x4:350
