source,distortion,level,seed,actual_luma_rms,qp,cu_count,min_area,max_area,mean_area,median_area,dominant_sizes
kodim01.png,clean,0,,0.0,22,7284,16,512,53.9835255354201,32.0,8x4:1738; 4x8:1253; 4x4:1058; 8x8:1034; 16x4:813; 16x8:482
kodim01.png,awgn,5,20260811,4.999581637363807,22,7566,16,512,51.97145122918319,32.0,8x4:1640; 4x8:1370; 4x4:1340; 8x8:1135; 16x4:743; 4x16:452
kodim01.png,awgn,15,20260811,14.949935440043156,22,6439,16,512,61.067867681316976,64.0,8x4:1163; 8x8:1139; 4x8:1024; 4x4:902; 16x4:644; 16x8:518
kodim01.png,awgn,30,20260811,29.538901762351394,22,4186,16,1024,93.93597706641185,64.0,8x8:807; 16x8:543; 8x16:507; 4x8:463; 8x4:439; 4x16:333
kodim01.png,stripes,8,,5.608348699419228,22,6908,16,512,56.92182976259409,32.0,8x4:1649; 4x8:1150; 8x8:960; 4x4:958; 16x4:705; 16x8:535
kodim01.png,stripes,16,,11.281483430287794,22,6609,16,512,59.49704947798457,32.0,8x4:1488; 4x8:1075; 8x8:894; 4x4:882; 16x4:743; 16x8:499
kodim01.png,stripes,32,,22.774966168230193,22,6075,16,1024,64.72691358024692,64.0,8x4:1305; 8x8:830; 4x8:823; 16x4:810; 4x4:728; 16x8:545
kodim01.png,clean,0,,0.0,32,5503,16,1024,71.45484281301108,64.0,8x4:1070; 16x4:769; 4x8:766; 8x8:672; 4x4:584; 16x8:547
kodim01.png,awgn,5,20260811,4.999581637363807,32,5506,16,1024,71.41590991645478,64.0,8x4:1010; 8x8:781; 16x4:772; 4x8:719; 4x4:566; 16x8:538
kodim01.png,awgn,15,20260811,14.949935440043156,32,5272,16,512,74.58573596358119,64.0,8x8:876; 8x4:841; 16x4:754; 4x8:647; 16x8:610; 4x16:444
kodim01.png,awgn,30,20260811,29.538901762351394,32,3485,16,1024,112.83098995695839,128.0,16x8:706; 16x4:465; 8x8:462; 8x16:372; 4x16:341; 8x4:208
kodim01.png,stripes,8,,5.608348699419228,32,5429,16,1024,72.4288082519801,64.0,8x4:1023; 16x4:792; 4x8:764; 8x8:652; 4x4:586; 16x8:496
kodim01.png,stripes,16,,11.281483430287794,32,4900,16,1024,80.24816326530612,64.0,8x4:841; 16x4:754; 8x8:612; 4x8:572; 16x8:555; 4x4:438
kodim01.png,stripes,32,,22.774966168230193,32,4737,16,1024,83.00949968334389,64.0,8x4:791; 16x4:743; 8x8:611; 16x8:535; 4x8:494; 4x4:438
kodim01.png,clean,0,,0.0,37,4140,16,1024,94.97971014492754,64.0,8x8:576; 16x4:575; 8x4:570; 16x8:531; 4x16:349; 4x8:339
kodim01.png,awgn,5,20260811,4.999581637363807,37,4170,16,1024,94.29640287769784,64.0,16x4:641; 8x4:549; 16x8:539; 8x8:519; 4x8:370; 4x16:334
kodim01.png,awgn,15,20260811,14.949935440043156,37,4769,16,1024,82.45250576640805,64.0,8x8:773; 8x4:726; 16x4:700; 16x8:557; 4x8:440; 4x16:403
kodim01.png,awgn,30,20260811,29.538901762351394,37,3630,16,1024,108.32396694214876,64.0,16x8:633; 16x4:583; 8x8:557; 8x16:427; 4x16:314; 8x4:252
kodim01.png,stripes,8,,5.608348699419228,37,3939,16,1024,99.82635186595583,64.0,16x4:614; 8x8:572; 16x8:512; 8x4:487; 4x8:353; 4x16:283
kodim01.png,stripes,16,,11.281483430287794,37,3721,16,1024,105.6748185971513,64.0,16x4:527; 16x8:504; 8x8:476; 8x4:430; 4x8:293; 32x4:287
kodim01.png,stripes,32,,22.774966168230193,37,3574,16,1024,110.02126468942362,64.0,16x4:587; 16x8:485; 8x8:449; 8x4:423; 4x8:256; 32x4:256
kodim02.png,clean,0,,0.0,22,6700,16,1024,58.6889552238806,32.0,8x4:1398; 4x8:1264; 4x4:1128; 8x8:783; 16x4:522; 4x16:504
kodim02.png,awgn,5,20260811,5.000182339204538,22,5851,16,1024,67.2049222355153,64.0,4x8:964; 8x8:962; 8x4:923; 4x4:714; 4x16:521; 16x4:517
kodim02.png,awgn,15,20260811,14.879693495625608,22,4064,16,1024,96.75590551181102,64.0,8x8:620; 16x8:575; 8x16:535; 4x16:480; 16x4:450; 4x8:392
kodim02.png,awgn,30,20260811,28.669561047776796,22,3459,16,1024,113.67909800520381,64.0,8x8:566; 16x8:515; 8x16:476; 4x8:331; 16x4:284; 16x16:273
kodim02.png,stripes,8,,5.607548975215473,22,6433,16,1024,61.124825120472565,32.0,8x4:1389; 4x4:1136; 4x8:1065; 8x8:710; 16x4:659; 16x8:425
kodim02.png,stripes,16,,11.275503905455405,22,6034,16,1024,65.1667219091813,32.0,8x4:1281; 4x4:986; 4x8:822; 8x8:736; 16x4:695; 16x8:457
kodim02.png,stripes,32,,22.6444262430361,22,5676,16,1024,69.276955602537,64.0,8x4:1230; 4x4:796; 8x8:752; 4x8:700; 16x4:689; 16x8:450
kodim02.png,clean,0,,0.0,32,2747,16,4096,143.14379322897707,64.0,16x4:258; 8x8:257; 8x16:256; 16x8:253; 4x16:250; 8x4:243
kodim02.png,awgn,5,20260811,5.000182339204538,32,3089,16,4096,127.29556490773713,64.0,4x8:311; 8x4:307; 4x16:302; 8x8:296; 16x4:295; 8x16:282
kodim02.png,awgn,15,20260811,14.879693495625608,32,3453,16,1024,113.876629018245,64.0,8x8:519; 16x8:498; 8x16:485; 16x4:336; 8x4:325; 4x16:269
kodim02.png,awgn,30,20260811,28.669561047776796,32,2687,16,1024,146.34015630815034,128.0,16x8:474; 8x16:401; 8x8:324; 16x16:282; 16x4:267; 4x16:220
kodim02.png,stripes,8,,5.607548975215473,32,2816,16,4096,139.63636363636363,64.0,16x4:364; 8x8:319; 8x4:294; 16x8:286; 4x8:223; 8x16:198
kodim02.png,stripes,16,,11.275503905455405,32,2564,16,4096,153.3603744149766,128.0,8x4:306; 16x8:276; 16x4:274; 8x8:259; 8x16:216; 32x4:203
kodim02.png,stripes,32,,22.6444262430361,32,2501,16,4096,157.2235105957617,128.0,16x8:301; 16x4:297; 8x8:242; 8x4:238; 8x16:218; 32x4:203
kodim02.png,clean,0,,0.0,37,1593,16,4096,246.83992467043313,128.0,16x8:156; 16x4:116; 32x4:115; 8x16:111; 16x16:111; 32x8:111
kodim02.png,awgn,5,20260811,5.000182339204538,37,1548,16,4096,254.015503875969,128.0,16x8:162; 8x16:143; 16x4:140; 16x16:110; 8x8:106; 16x32:106
kodim02.png,awgn,15,20260811,14.879693495625608,37,2743,16,1024,143.35253372220197,128.0,16x8:360; 8x8:316; 8x16:279; 16x4:259; 8x4:202; 4x16:190
kodim02.png,awgn,30,20260811,28.669561047776796,37,2802,16,1024,140.33404710920772,128.0,16x8:544; 8x16:398; 8x8:351; 16x16:279; 16x4:264; 4x16:197
kodim02.png,stripes,8,,5.607548975215473,37,1492,16,4096,263.5495978552279,128.0,16x8:184; 16x4:154; 32x4:111; 8x8:109; 16x16:105; 4x8:98
kodim02.png,stripes,16,,11.275503905455405,37,1359,16,4096,289.3421633554084,128.0,16x8:146; 16x4:128; 32x4:110; 8x8:103; 32x8:103; 8x16:102
kodim02.png,stripes,32,,22.6444262430361,37,1356,16,4096,289.98230088495575,128.0,16x8:181; 32x8:131; 32x4:113; 8x16:104; 8x8:103; 16x4:96
kodim03.png,clean,0,,0.0,22,4306,16,4096,91.31816070599164,32.0,8x4:909; 4x4:844; 4x8:529; 8x8:510; 16x8:299; 16x4:282
kodim03.png,awgn,5,20260811,4.9967727418463666,22,5033,16,1024,78.12755811643156,64.0,8x4:815; 4x8:751; 4x4:700; 8x8:661; 16x8:474; 8x16:446
kodim03.png,awgn,15,20260811,14.905060300128133,22,4345,16,1024,90.49850402761795,64.0,8x8:746; 16x8:552; 8x16:524; 4x8:468; 8x4:462; 4x16:440
kodim03.png,awgn,30,20260811,29.338334119674265,22,3484,16,1024,112.8633754305396,64.0,8x16:607; 8x8:553; 16x8:446; 4x8:352; 4x16:329; 16x16:292
kodim03.png,stripes,8,,5.590367606989951,22,3870,16,4096,101.6062015503876,32.0,8x4:850; 4x4:716; 4x8:454; 8x8:385; 16x4:382; 16x8:333
kodim03.png,stripes,16,,11.233394772807763,22,3593,16,4096,109.43946562760924,32.0,8x4:793; 4x4:716; 4x8:389; 8x8:330; 16x8:299; 16x4:278
kodim03.png,stripes,32,,22.62903577241904,22,3022,16,4096,130.11780277961614,64.0,8x4:533; 4x4:480; 16x4:304; 16x8:301; 4x8:287; 8x8:258
kodim03.png,clean,0,,0.0,32,2645,16,4096,148.66389413988657,64.0,8x4:499; 4x4:350; 4x8:288; 8x8:262; 16x16:193; 16x8:184
kodim03.png,awgn,5,20260811,4.9967727418463666,32,2617,16,4096,150.2544898739014,64.0,8x4:396; 4x8:333; 4x4:290; 8x8:268; 16x8:194; 16x4:180
kodim03.png,awgn,15,20260811,14.905060300128133,32,3503,16,1024,112.25121324578933,64.0,8x8:562; 8x16:506; 16x8:506; 8x4:341; 16x4:320; 16x16:289
kodim03.png,awgn,30,20260811,29.338334119674265,32,2915,16,1024,134.89399656946827,128.0,16x8:543; 8x16:513; 8x8:390; 4x16:284; 16x16:273; 16x4:242
kodim03.png,stripes,8,,5.590367606989951,32,2598,16,4096,151.35334872979215,64.0,8x4:406; 4x4:352; 8x8:319; 4x8:316; 16x8:205; 16x4:178
kodim03.png,stripes,16,,11.233394772807763,32,2306,16,4096,170.51864700780573,64.0,8x4:402; 16x4:249; 4x8:243; 4x4:242; 16x8:235; 8x8:203
kodim03.png,stripes,32,,22.62903577241904,32,2209,16,4096,178.00633770937077,64.0,8x4:380; 4x4:246; 16x4:227; 16x8:222; 4x8:177; 8x8:161
kodim03.png,clean,0,,0.0,37,1653,16,4096,237.8802177858439,128.0,8x8:194; 8x4:157; 8x16:144; 16x8:138; 16x16:137; 4x8:133
kodim03.png,awgn,5,20260811,4.9967727418463666,37,1710,16,4096,229.95087719298246,128.0,8x8:162; 16x8:159; 8x4:156; 8x16:152; 4x8:151; 16x16:145
kodim03.png,awgn,15,20260811,14.905060300128133,37,2450,16,4096,160.49632653061224,128.0,16x8:309; 8x8:275; 8x16:261; 16x16:205; 16x4:202; 4x16:197
kodim03.png,awgn,30,20260811,29.338334119674265,37,3053,16,1024,128.79659351457582,128.0,8x16:551; 16x8:497; 8x8:475; 16x4:299; 16x16:283; 4x16:259
kodim03.png,stripes,8,,5.590367606989951,37,1709,16,4096,230.08543007606787,128.0,8x8:216; 8x4:188; 16x8:184; 16x4:153; 16x16:145; 8x16:132
kodim03.png,stripes,16,,11.233394772807763,37,1545,16,4096,254.50873786407766,128.0,16x8:204; 8x8:161; 8x4:152; 16x4:142; 16x16:122; 8x16:120
kodim03.png,stripes,32,,22.62903577241904,37,1338,16,4096,293.8834080717489,128.0,16x8:145; 16x4:132; 8x8:112; 16x16:104; 32x16:95; 8x4:94
kodim04.png,clean,0,,0.0,22,4592,16,4096,85.63066202090593,64.0,4x8:770; 8x4:732; 4x4:716; 8x8:619; 8x16:348; 16x8:294
kodim04.png,awgn,5,20260811,5.003200269772651,22,4875,16,1024,80.65969230769231,64.0,8x8:878; 4x8:713; 8x4:605; 4x4:520; 8x16:482; 4x16:462
kodim04.png,awgn,15,20260811,14.930712829865497,22,4417,16,1024,89.02331899479285,64.0,8x8:729; 16x8:572; 4x8:535; 4x16:527; 8x16:519; 8x4:442
kodim04.png,awgn,30,20260811,29.166549319076623,22,3563,16,1024,110.36093179904574,64.0,8x8:618; 8x16:565; 16x8:499; 4x8:388; 4x16:329; 16x16:303
kodim04.png,stripes,8,,5.605585346493523,22,4121,16,4096,95.41761708323223,64.0,8x4:722; 4x4:620; 4x8:562; 8x8:480; 16x8:399; 16x4:384
kodim04.png,stripes,16,,11.270349140778452,22,3434,16,4096,114.5066977285964,64.0,8x4:520; 4x4:476; 4x8:412; 8x8:375; 16x8:370; 16x4:309
kodim04.png,stripes,32,,22.720544435488048,22,2798,16,4096,140.53466761972837,64.0,8x4:381; 16x8:363; 16x4:310; 4x4:286; 8x8:268; 4x8:222
kodim04.png,clean,0,,0.0,32,2418,16,4096,162.62034739454094,128.0,8x8:267; 16x8:247; 8x16:244; 8x4:221; 4x8:209; 4x4:196
kodim04.png,awgn,5,20260811,5.003200269772651,32,2593,16,4096,151.64519861164675,64.0,8x8:296; 4x8:264; 16x8:260; 8x4:254; 4x4:232; 8x16:222
kodim04.png,awgn,15,20260811,14.930712829865497,32,3280,16,1024,119.8829268292683,128.0,16x8:537; 8x16:509; 8x8:440; 4x16:327; 16x16:291; 4x8:252
kodim04.png,awgn,30,20260811,29.166549319076623,32,2913,16,1024,134.98661174047373,128.0,8x16:511; 8x8:466; 16x8:402; 4x16:307; 16x16:277; 16x4:179
kodim04.png,stripes,8,,5.605585346493523,32,2196,16,4096,179.0601092896175,64.0,8x8:258; 16x8:243; 4x4:212; 8x4:195; 4x8:179; 16x4:172
kodim04.png,stripes,16,,11.270349140778452,32,1997,16,4096,196.90335503254883,128.0,16x8:233; 8x8:204; 4x4:186; 4x8:167; 16x4:163; 8x4:160
kodim04.png,stripes,32,,22.720544435488048,32,1774,16,4096,221.65501691093573,128.0,16x8:213; 8x4:172; 8x8:163; 16x16:159; 16x4:141; 4x4:114
kodim04.png,clean,0,,0.0,37,1586,16,4096,247.92938209331652,128.0,16x8:154; 8x8:131; 8x16:128; 16x16:124; 8x4:120; 32x32:115
kodim04.png,awgn,5,20260811,5.003200269772651,37,1581,16,4096,248.7134724857685,128.0,16x8:157; 8x16:153; 16x16:127; 8x8:122; 4x8:111; 32x32:104
kodim04.png,awgn,15,20260811,14.930712829865497,37,2425,16,1024,162.15092783505153,128.0,16x8:328; 8x8:306; 8x16:300; 16x16:251; 4x16:149; 16x4:147
kodim04.png,awgn,30,20260811,29.166549319076623,37,3012,16,1024,130.54980079681275,128.0,8x16:576; 16x8:476; 8x8:454; 4x16:284; 16x16:273; 16x4:221
kodim04.png,stripes,8,,5.605585346493523,37,1352,16,4096,290.84023668639054,128.0,16x8:146; 8x8:129; 16x16:118; 32x16:107; 8x16:99; 4x4:96
kodim04.png,stripes,16,,11.270349140778452,37,1193,16,4096,329.6026823134954,128.0,16x8:106; 16x4:103; 16x16:100; 32x32:96; 32x4:91; 8x8:84
kodim04.png,stripes,32,,22.720544435488048,37,1096,16,4096,358.77372262773724,128.0,16x8:111; 32x32:105; 32x16:97; 16x16:89; 32x8:84; 8x8:80
kodim05.png,clean,0,,0.0,22,10279,16,1024,38.254304893472124,32.0,4x4:3720; 4x8:2247; 8x4:2221; 8x8:1025; 16x4:293; 4x16:276
kodim05.png,awgn,5,20260811,4.982370960270039,22,9882,16,1024,39.79113539769278,32.0,4x4:2986; 8x4:2279; 4x8:2190; 8x8:1244; 16x4:331; 4x16:328
kodim05.png,awgn,15,20260811,14.733755271934195,22,8683,16,512,45.28573073822412,32.0,4x4:2254; 4x8:1813; 8x4:1720; 8x8:1370; 4x16:420; 16x4:400
kodim05.png,awgn,30,20260811,28.53649230238347,22,6679,16,512,58.87348405449918,32.0,4x8:1345; 4x4:1316; 8x8:1208; 8x4:1045; 8x16:423; 16x8:403
kodim05.png,stripes,8,,5.586055642325823,22,10091,16,1024,38.96700029729462,32.0,4x4:3648; 8x4:2324; 4x8:2014; 8x8:1024; 16x4:331; 4x16:230
kodim05.png,stripes,16,,11.198552133434656,22,9658,16,1024,40.714019465727894,32.0,4x4:3188; 8x4:2291; 4x8:2001; 8x8:948; 16x4:360; 4x16:293
kodim05.png,stripes,32,,22.354178915408554,22,9069,16,1024,43.35825339067152,32.0,4x4:2896; 8x4:2210; 4x8:1596; 8x8:1021; 16x4:429; 16x8:301
kodim05.png,clean,0,,0.0,32,8428,16,1024,46.65590887517798,32.0,4x4:2380; 4x8:1828; 8x4:1742; 8x8:1137; 16x4:329; 4x16:288
kodim05.png,awgn,5,20260811,4.982370960270039,32,8304,16,1024,47.35260115606936,32.0,4x4:2254; 4x8:1772; 8x4:1747; 8x8:1136; 16x4:357; 4x16:312
kodim05.png,awgn,15,20260811,14.733755271934195,32,7668,16,512,51.280125195618155,32.0,8x4:1675; 4x8:1498; 4x4:1490; 8x8:1292; 16x4:488; 16x8:397
kodim05.png,awgn,30,20260811,28.53649230238347,32,5472,16,1024,71.85964912280701,64.0,8x8:1008; 8x4:901; 4x8:793; 4x4:644; 16x8:542; 8x16:448
kodim05.png,stripes,8,,5.586055642325823,32,8178,16,4096,48.08217168011739,32.0,4x4:2252; 8x4:1795; 4x8:1675; 8x8:1065; 16x4:370; 16x8:321
kodim05.png,stripes,16,,11.198552133434656,32,7851,16,4096,50.08482995796714,32.0,4x4:2082; 8x4:1845; 4x8:1444; 8x8:1023; 16x4:435; 16x8:343
kodim05.png,stripes,32,,22.354178915408554,32,7391,16,1024,53.2020024353944,32.0,8x4:1860; 4x4:1824; 4x8:1130; 8x8:961; 16x4:542; 16x8:367
kodim05.png,clean,0,,0.0,37,6522,16,1024,60.29070837166513,32.0,4x4:1288; 4x8:1251; 8x4:1191; 8x8:1111; 16x8:387; 16x4:364
kodim05.png,awgn,5,20260811,4.982370960270039,37,6553,16,1024,60.00549366702274,32.0,4x4:1318; 8x4:1262; 4x8:1211; 8x8:1080; 16x8:415; 16x4:363
kodim05.png,awgn,15,20260811,14.733755271934195,37,6934,16,1024,56.70839342370926,32.0,8x4:1387; 4x8:1333; 4x4:1260; 8x8:1118; 16x4:486; 16x8:380
kodim05.png,awgn,30,20260811,28.53649230238347,37,5266,16,1024,74.67071781238131,64.0,8x8:947; 8x4:877; 4x8:668; 16x8:559; 4x4:546; 16x4:503
kodim05.png,stripes,8,,5.586055642325823,37,6309,16,4096,62.326200665715646,32.0,8x4:1236; 4x4:1190; 4x8:1169; 8x8:1037; 16x8:385; 16x4:374
kodim05.png,stripes,16,,11.198552133434656,37,6119,16,4096,64.26148063409053,32.0,8x4:1215; 4x4:1142; 8x8:1121; 4x8:982; 16x8:479; 16x4:419
kodim05.png,stripes,32,,22.354178915408554,37,5724,16,4096,68.69601677148847,32.0,8x4:1193; 4x4:1030; 8x8:925; 4x8:758; 16x8:505; 16x4:502
kodim06.png,clean,0,,0.0,22,5283,16,4096,74.43043725156161,64.0,8x4:1375; 16x4:914; 4x4:798; 16x8:657; 8x8:456; 4x8:446
kodim06.png,awgn,5,20260811,4.907666433177375,22,5345,16,1024,73.56707202993452,64.0,8x4:1087; 16x4:880; 16x8:785; 8x8:665; 4x8:619; 4x4:580
kodim06.png,awgn,15,20260811,14.598991808635734,22,5234,16,512,75.1272449369507,64.0,8x4:919; 8x8:755; 16x8:677; 16x4:672; 4x4:620; 4x8:595
kodim06.png,awgn,30,20260811,28.762445205355554,22,4338,16,1024,90.64453665283541,64.0,8x8:772; 16x8:604; 8x4:524; 8x16:493; 4x8:461; 4x4:418
kodim06.png,stripes,8,,5.494597816362378,22,5011,16,4096,78.47056475753342,64.0,8x4:1278; 16x4:861; 4x4:748; 16x8:653; 8x8:450; 4x8:366
kodim06.png,stripes,16,,11.023252244560156,22,4821,16,4096,81.56316116988177,64.0,8x4:1216; 16x4:833; 16x8:652; 4x4:636; 4x8:402; 8x8:389
kodim06.png,stripes,32,,22.138765812043392,22,4410,16,4096,89.16462585034013,64.0,8x4:983; 16x4:764; 16x8:708; 4x4:524; 8x8:418; 4x8:319
kodim06.png,clean,0,,0.0,32,3541,16,4096,111.04659700649535,64.0,8x4:693; 16x4:494; 16x8:433; 4x4:408; 8x8:327; 4x8:283
kodim06.png,awgn,5,20260811,4.907666433177375,32,3523,16,4096,111.61396537042293,64.0,8x4:718; 16x4:576; 16x8:455; 4x4:326; 8x8:324; 4x8:255
kodim06.png,awgn,15,20260811,14.598991808635734,32,4038,16,1024,97.37890044576523,64.0,16x8:774; 16x4:751; 8x4:502; 8x8:465; 4x8:341; 4x4:238
kodim06.png,awgn,30,20260811,28.762445205355554,32,3421,16,1024,114.94182987430575,128.0,16x8:749; 8x8:486; 16x4:479; 8x16:283; 8x4:251; 16x16:233
kodim06.png,stripes,8,,5.494597816362378,32,3626,16,4096,108.4434638720353,64.0,8x4:736; 16x4:537; 16x8:478; 4x4:460; 8x8:355; 4x8:246
kodim06.png,stripes,16,,11.023252244560156,32,3425,16,4096,114.80759124087591,64.0,8x4:659; 16x4:536; 16x8:402; 4x4:400; 8x8:309; 4x8:269
kodim06.png,stripes,32,,22.138765812043392,32,3199,16,4096,122.91841200375117,64.0,8x4:627; 16x4:558; 16x8:384; 4x4:308; 32x8:267; 8x8:249
kodim06.png,clean,0,,0.0,37,2463,16,4096,159.6492082825822,64.0,8x4:335; 16x4:328; 16x8:299; 8x8:257; 32x8:195; 32x4:187
kodim06.png,awgn,5,20260811,4.907666433177375,37,2478,16,4096,158.68280871670703,64.0,16x8:346; 8x4:341; 16x4:300; 32x8:233; 8x8:227; 32x4:182
kodim06.png,awgn,15,20260811,14.598991808635734,37,3062,16,4096,128.4180274330503,64.0,16x8:557; 16x4:514; 8x4:361; 8x8:325; 32x4:285; 32x8:209
kodim06.png,awgn,30,20260811,28.762445205355554,37,3194,16,1024,123.1108328115216,128.0,16x8:679; 16x4:454; 8x8:425; 8x16:324; 16x16:252; 8x4:231
kodim06.png,stripes,8,,5.494597816362378,37,2533,16,4096,155.23726806158706,64.0,8x4:415; 16x4:367; 16x8:275; 8x8:238; 32x8:215; 32x4:209
kodim06.png,stripes,16,,11.023252244560156,37,2420,16,4096,162.48595041322315,64.0,8x4:383; 16x4:338; 16x8:322; 8x8:237; 32x8:232; 32x4:201
kodim06.png,stripes,32,,22.138765812043392,37,2308,16,4096,170.37088388214906,64.0,8x4:329; 16x4:320; 16x8:289; 32x4:255; 32x8:254; 8x8:233
kodim07.png,clean,0,,0.0,22,5890,16,4096,66.75993208828523,32.0,4x4:1612; 4x8:1072; 8x4:1058; 8x8:697; 16x8:299; 8x16:266
kodim07.png,awgn,5,20260811,5.009804585821536,22,6216,16,1024,63.25868725868726,32.0,4x4:1302; 8x4:1097; 4x8:1044; 8x8:905; 16x8:430; 16x4:396
kodim07.png,awgn,15,20260811,14.964389747338643,22,5019,16,1024,78.34548714883442,64.0,8x8:802; 4x8:702; 8x4:696; 4x4:640; 16x8:531; 4x16:406
kodim07.png,awgn,30,20260811,29.601352272418136,22,3538,16,1024,111.1407574901074,64.0,8x8:678; 16x8:507; 8x16:493; 4x8:374; 8x4:305; 16x16:273
kodim07.png,stripes,8,,5.608223998018143,22,5515,16,4096,71.29936536718041,32.0,4x4:1490; 8x4:1203; 4x8:846; 8x8:537; 16x4:291; 16x8:266
kodim07.png,stripes,16,,11.274889053509366,22,5124,16,4096,76.7400468384075,32.0,4x4:1312; 8x4:1108; 4x8:802; 8x8:547; 16x8:292; 16x4:266
kodim07.png,stripes,32,,22.728794765023075,22,4723,16,4096,83.25555790810925,32.0,4x4:1118; 8x4:1011; 4x8:654; 8x8:446; 16x8:306; 16x4:285
kodim07.png,clean,0,,0.0,32,4414,16,4096,89.08382419574083,32.0,4x4:876; 8x4:768; 4x8:744; 8x8:525; 16x8:263; 8x16:250
kodim07.png,awgn,5,20260811,5.009804585821536,32,4400,16,4096,89.36727272727273,32.0,4x4:844; 8x4:772; 4x8:734; 8x8:521; 8x16:285; 16x8:253
kodim07.png,awgn,15,20260811,14.964389747338643,32,4417,16,1024,89.02331899479285,64.0,8x8:681; 8x4:658; 4x8:568; 16x8:527; 4x4:492; 8x16:368
kodim07.png,awgn,30,20260811,29.601352272418136,32,2914,16,1024,134.94028826355526,128.0,8x8:481; 16x8:479; 8x16:432; 16x16:243; 4x16:235; 8x4:212
kodim07.png,stripes,8,,5.608223998018143,32,4035,16,4096,97.45130111524163,32.0,4x4:820; 8x4:705; 4x8:667; 8x8:460; 16x8:285; 16x4:220
kodim07.png,stripes,16,,11.274889053509366,32,3938,16,4096,99.85170137125445,32.0,4x4:834; 8x4:747; 4x8:570; 8x8:465; 16x4:248; 16x8:247
kodim07.png,stripes,32,,22.728794765023075,32,3452,16,4096,113.90961761297798,64.0,8x4:702; 4x4:586; 4x8:415; 8x8:388; 16x8:297; 16x4:227
kodim07.png,clean,0,,0.0,37,3233,16,4096,121.62573461181564,64.0,8x4:493; 4x8:456; 4x4:434; 8x8:382; 16x8:245; 8x16:244
kodim07.png,awgn,5,20260811,5.009804585821536,37,3385,16,4096,116.16425406203841,64.0,8x4:482; 4x8:480; 4x4:464; 8x8:398; 16x8:301; 8x16:258
kodim07.png,awgn,15,20260811,14.964389747338643,37,3776,16,1024,104.13559322033899,64.0,8x8:513; 8x4:510; 4x8:472; 4x4:420; 16x8:398; 8x16:286
kodim07.png,awgn,30,20260811,29.601352272418136,37,3199,16,1024,122.91841200375117,64.0,8x8:612; 16x8:509; 8x16:406; 16x4:278; 4x16:265; 16x16:265
kodim07.png,stripes,8,,5.608223998018143,37,2974,16,4096,132.21788836583727,64.0,4x8:433; 8x4:426; 8x8:403; 4x4:346; 16x8:257; 16x16:205
kodim07.png,stripes,16,,11.274889053509366,37,2647,16,4096,148.55156781261806,64.0,8x8:383; 8x4:364; 4x8:317; 4x4:310; 16x8:246; 16x4:200
kodim07.png,stripes,32,,22.728794765023075,37,2473,16,4096,159.00363930448847,64.0,8x4:407; 8x8:314; 4x4:284; 16x8:276; 4x8:225; 16x4:208
kodim08.png,clean,0,,0.0,22,9176,16,1024,42.85265911072363,32.0,4x4:2640; 4x8:2161; 8x4:1869; 8x8:915; 4x16:590; 16x4:380
kodim08.png,awgn,5,20260811,4.947578027748279,22,8814,16,1024,44.612661674608574,32.0,4x4:2364; 4x8:2101; 8x4:1773; 8x8:922; 4x16:578; 16x4:356
kodim08.png,awgn,15,20260811,14.68171567171576,22,7363,16,1024,53.40431889175608,32.0,4x8:1652; 4x4:1642; 8x4:1225; 8x8:935; 4x16:571; 8x16:403
kodim08.png,awgn,30,20260811,28.684611965350026,22,5612,16,1024,70.06699928724163,64.0,4x8:1133; 4x4:1006; 8x8:947; 8x4:656; 8x16:502; 4x16:448
kodim08.png,stripes,8,,5.537953827619227,22,8886,16,1024,44.25118163403106,32.0,4x4:2456; 4x8:1990; 8x4:1942; 8x8:861; 4x16:507; 16x4:460
kodim08.png,stripes,16,,11.105749612647568,22,8479,16,1024,46.375280103785826,32.0,4x4:2306; 4x8:1851; 8x4:1806; 8x8:800; 4x16:525; 16x4:436
kodim08.png,stripes,32,,22.237804885498214,22,7786,16,1024,50.502954020035965,32.0,4x4:1854; 8x4:1812; 4x8:1517; 8x8:735; 16x4:516; 4x16:497
kodim08.png,clean,0,,0.0,32,6732,16,1024,58.409982174688054,32.0,4x8:1452; 4x4:1310; 8x4:1217; 8x8:776; 4x16:605; 16x4:385
kodim08.png,awgn,5,20260811,4.947578027748279,32,6896,16,1024,57.02088167053364,32.0,4x8:1591; 4x4:1418; 8x4:1188; 8x8:804; 4x16:597; 16x4:367
kodim08.png,awgn,15,20260811,14.68171567171576,32,6309,16,1024,62.326200665715646,32.0,4x8:1262; 8x4:1119; 4x4:962; 8x8:908; 4x16:536; 16x4:441
kodim08.png,awgn,30,20260811,28.684611965350026,32,4552,16,1024,86.38312829525483,64.0,4x8:711; 8x8:625; 4x16:587; 8x16:483; 8x4:476; 16x8:423
kodim08.png,stripes,8,,5.537953827619227,32,6620,16,1024,59.39818731117825,32.0,4x8:1445; 8x4:1263; 4x4:1244; 8x8:775; 4x16:496; 16x4:418
kodim08.png,stripes,16,,11.105749612647568,32,6619,16,1024,59.40716120259858,32.0,8x4:1334; 4x8:1308; 4x4:1300; 8x8:753; 4x16:502; 16x4:473
kodim08.png,stripes,32,,22.237804885498214,32,6201,16,1024,63.41170778906628,32.0,8x4:1259; 4x4:1206; 4x8:1082; 8x8:667; 16x4:482; 4x16:459
kodim08.png,clean,0,,0.0,37,5296,16,1024,74.24773413897282,64.0,4x8:1008; 8x4:804; 4x4:752; 8x8:631; 4x16:587; 16x4:352
kodim08.png,awgn,5,20260811,4.947578027748279,37,5311,16,1024,74.03803426849935,64.0,4x8:938; 8x4:810; 4x4:740; 8x8:732; 4x16:550; 16x4:399
kodim08.png,awgn,15,20260811,14.68171567171576,37,5721,16,1024,68.73203985317252,64.0,4x8:1089; 8x4:912; 8x8:804; 4x4:734; 4x16:602; 16x4:426
kodim08.png,awgn,30,20260811,28.684611965350026,37,4760,16,1024,82.60840336134454,64.0,4x8:702; 8x8:680; 8x4:665; 4x16:552; 8x16:504; 4x4:414
kodim08.png,stripes,8,,5.537953827619227,37,5293,16,1024,74.28981673908936,64.0,4x8:1009; 8x4:889; 4x4:712; 8x8:651; 4x16:517; 16x4:381
kodim08.png,stripes,16,,11.105749612647568,37,4969,16,4096,79.13382974441538,64.0,8x4:833; 4x8:803; 4x4:644; 8x8:609; 4x16:465; 16x4:461
kodim08.png,stripes,32,,22.237804885498214,37,4661,16,4096,84.36301222913538,64.0,8x4:838; 4x8:685; 8x8:556; 4x4:546; 16x4:423; 4x16:411
kodim09.png,clean,0,,0.0,22,3790,16,4096,103.7509234828496,32.0,4x4:706; 4x8:669; 8x4:572; 8x8:367; 16x4:255; 16x8:245
kodim09.png,awgn,5,20260811,5.013174121709401,22,5023,16,1024,78.2830977503484,64.0,8x4:717; 4x4:706; 4x8:682; 8x8:645; 16x8:542; 16x4:470
kodim09.png,awgn,15,20260811,15.001108849124712,22,4339,16,1024,90.62364600138281,64.0,8x8:582; 4x8:535; 8x16:529; 8x4:498; 16x8:490; 4x16:443
kodim09.png,awgn,30,20260811,29.77042655764805,22,3587,16,1024,109.62252578756622,64.0,8x8:643; 8x16:626; 16x8:412; 4x8:394; 8x4:298; 16x16:293
kodim09.png,stripes,8,,5.608211981191204,22,3371,16,4096,116.64669237614952,64.0,8x4:589; 4x4:538; 4x8:488; 8x8:338; 16x8:312; 16x4:279
kodim09.png,stripes,16,,11.281444093508638,22,3298,16,4096,119.22862340812614,64.0,4x4:578; 8x4:540; 4x8:415; 8x8:314; 16x4:284; 16x8:269
kodim09.png,stripes,32,,22.789228496049397,22,3064,16,4096,128.33420365535247,64.0,8x4:544; 4x4:434; 4x8:339; 16x4:309; 8x8:284; 16x8:267
kodim09.png,clean,0,,0.0,32,2411,16,4096,163.092492741601,64.0,4x8:349; 4x4:292; 8x4:285; 8x8:235; 16x8:182; 16x4:172
kodim09.png,awgn,5,20260811,5.013174121709401,32,2446,16,4096,160.75878986099755,64.0,4x8:351; 8x4:291; 8x8:283; 4x4:260; 16x8:206; 16x4:193
kodim09.png,awgn,15,20260811,15.001108849124712,32,3695,16,1024,106.41840324763193,64.0,16x8:481; 8x8:448; 8x16:438; 4x8:388; 8x4:387; 4x16:351
kodim09.png,awgn,30,20260811,29.77042655764805,32,2942,16,1024,133.65601631543169,128.0,16x8:442; 8x16:434; 8x8:377; 4x16:282; 16x16:238; 16x4:217
kodim09.png,stripes,8,,5.608211981191204,32,2287,16,4096,171.93528640139922,64.0,4x8:308; 4x4:280; 8x4:272; 16x8:227; 8x8:222; 16x4:171
kodim09.png,stripes,16,,11.281444093508638,32,2214,16,4096,177.60433604336043,64.0,4x4:276; 4x8:267; 8x4:267; 8x8:206; 16x4:191; 16x8:189
kodim09.png,stripes,32,,22.789228496049397,32,2116,16,4096,185.82986767485824,64.0,8x4:253; 8x8:211; 16x8:208; 4x8:204; 16x4:195; 4x4:194
kodim09.png,clean,0,,0.0,37,1729,16,4096,227.42394447657605,64.0,4x8:183; 8x16:147; 4x4:144; 4x16:144; 16x8:143; 8x8:141
kodim09.png,awgn,5,20260811,5.013174121709401,37,1833,16,4096,214.52045826513913,64.0,4x8:217; 8x8:165; 16x8:164; 4x4:162; 8x16:145; 8x4:144
kodim09.png,awgn,15,20260811,15.001108849124712,37,2739,16,4096,143.5618838992333,64.0,8x8:283; 16x4:283; 8x4:282; 16x8:261; 4x8:259; 8x16:250
kodim09.png,awgn,30,20260811,29.77042655764805,37,3116,16,1024,126.19255455712452,128.0,16x8:452; 8x16:444; 8x8:383; 4x16:320; 16x4:292; 4x8:262
kodim09.png,stripes,8,,5.608211981191204,37,1657,16,4096,237.30597465298732,128.0,4x8:178; 8x8:164; 16x8:156; 4x4:130; 8x4:123; 8x16:121
kodim09.png,stripes,16,,11.281444093508638,37,1618,16,4096,243.02595797280594,128.0,16x8:169; 16x4:135; 4x4:134; 8x4:134; 4x8:129; 8x8:129
kodim09.png,stripes,32,,22.789228496049397,37,1580,16,4096,248.87088607594936,128.0,16x4:161; 16x8:154; 8x4:142; 8x8:131; 32x4:117; 4x8:107
kodim10.png,clean,0,,0.0,22,5346,16,1024,73.55331088664423,32.0,4x8:1051; 4x4:912; 8x4:853; 8x8:619; 4x16:458; 8x16:379
kodim10.png,awgn,5,20260811,4.990777219944262,22,5810,16,1024,67.67917383820998,64.0,4x8:1076; 8x4:906; 4x4:852; 8x8:780; 4x16:546; 8x16:467
kodim10.png,awgn,15,20260811,14.923804992170593,22,4566,16,1024,86.11826544021025,64.0,8x8:766; 4x8:604; 8x4:513; 16x8:512; 8x16:488; 4x16:460
kodim10.png,awgn,30,20260811,29.62940514885673,22,3689,16,1024,106.5914882081865,64.0,8x8:761; 8x16:611; 16x8:448; 4x8:402; 16x16:291; 4x16:288
kodim10.png,stripes,8,,5.595241014041158,22,4691,16,4096,83.82349179279471,32.0,4x4:868; 8x4:777; 4x8:719; 8x8:508; 16x8:335; 16x4:318
kodim10.png,stripes,16,,11.254419546571066,22,4374,16,4096,89.89849108367626,64.0,8x4:768; 4x4:766; 4x8:637; 8x8:415; 16x8:307; 16x4:304
kodim10.png,stripes,32,,22.713009115505912,22,4083,16,1024,96.30565760470242,64.0,8x4:700; 4x4:638; 4x8:507; 8x8:401; 16x8:317; 4x16:305
kodim10.png,clean,0,,0.0,32,3250,16,4096,120.98953846153846,64.0,8x4:444; 4x8:420; 8x8:373; 4x4:372; 16x8:292; 8x16:251
kodim10.png,awgn,5,20260811,4.990777219944262,32,3290,16,4096,119.51854103343464,64.0,8x4:410; 4x8:409; 8x8:384; 4x4:366; 16x4:274; 16x8:271
kodim10.png,awgn,15,20260811,14.923804992170593,32,3796,16,1024,103.58693361433087,64.0,8x8:523; 16x8:483; 8x16:451; 4x16:431; 4x8:371; 16x4:364
kodim10.png,awgn,30,20260811,29.62940514885673,32,3081,16,1024,127.62609542356378,128.0,8x16:563; 16x8:513; 8x8:410; 16x4:273; 4x16:257; 16x16:252
kodim10.png,stripes,8,,5.595241014041158,32,2958,16,4096,132.93306288032454,64.0,8x4:401; 4x8:386; 4x4:334; 8x8:332; 16x8:262; 16x4:223
kodim10.png,stripes,16,,11.254419546571066,32,2788,16,4096,141.03873744619798,64.0,8x4:403; 8x8:301; 4x4:300; 4x8:295; 16x8:292; 16x4:224
kodim10.png,stripes,32,,22.713009115505912,32,2671,16,4096,147.21677274429052,64.0,8x4:426; 16x4:282; 4x4:250; 16x8:242; 8x8:227; 4x8:215
kodim10.png,clean,0,,0.0,37,2210,16,4096,177.9257918552036,64.0,8x8:262; 4x8:225; 16x8:217; 8x4:203; 16x4:175; 8x16:171
kodim10.png,awgn,5,20260811,4.990777219944262,37,2234,16,4096,176.0143240823635,64.0,8x8:281; 4x8:239; 16x8:231; 8x4:219; 8x16:165; 16x4:151
kodim10.png,awgn,15,20260811,14.923804992170593,37,3202,16,4096,122.80324797001875,64.0,8x8:407; 16x8:344; 8x4:328; 8x16:310; 16x4:301; 4x8:275
kodim10.png,awgn,30,20260811,29.62940514885673,37,3086,16,1024,127.41931302657161,128.0,8x16:543; 16x8:505; 8x8:446; 16x16:313; 4x16:285; 16x4:228
kodim10.png,stripes,8,,5.595241014041158,37,2035,16,4096,193.22653562653562,64.0,8x8:255; 16x8:217; 4x8:215; 8x4:198; 16x4:189; 8x16:133
kodim10.png,stripes,16,,11.254419546571066,37,1877,16,4096,209.4917421417155,128.0,16x8:205; 8x8:180; 4x8:172; 8x4:168; 16x4:162; 4x4:144
kodim10.png,stripes,32,,22.713009115505912,37,1690,16,4096,232.67218934911241,128.0,16x8:196; 8x4:180; 16x4:165; 8x8:150; 8x16:103; 32x4:95
kodim11.png,clean,0,,0.0,22,6072,16,4096,64.7588932806324,32.0,8x4:1314; 4x4:1198; 4x8:897; 16x4:747; 8x8:563; 16x8:450
kodim11.png,awgn,5,20260811,5.007869123038568,22,6461,16,1024,60.859928803590776,32.0,8x4:1247; 4x4:1202; 4x8:1066; 8x8:764; 16x4:730; 16x8:515
kodim11.png,awgn,15,20260811,14.815180582900055,22,5125,16,1024,76.7250731707317,64.0,8x8:769; 4x8:742; 8x4:701; 4x4:582; 16x8:570; 16x4:567
kodim11.png,awgn,30,20260811,29.000613238986944,22,4327,16,1024,90.87497111162469,64.0,8x8:778; 4x8:571; 16x8:490; 8x16:483; 8x4:453; 4x4:384
kodim11.png,stripes,8,,5.607838086296348,22,5997,16,4096,65.5687843921961,32.0,8x4:1312; 4x4:1202; 4x8:903; 16x4:706; 8x8:548; 16x8:419
kodim11.png,stripes,16,,11.245558137319117,22,5699,16,4096,68.9973679592911,32.0,8x4:1282; 4x4:1032; 4x8:806; 16x4:721; 8x8:482; 16x8:455
kodim11.png,stripes,32,,22.440473750842965,22,5263,16,4096,74.71328139844195,32.0,8x4:1171; 4x4:838; 4x8:640; 16x4:639; 8x8:499; 16x8:449
kodim11.png,clean,0,,0.0,32,4243,16,4096,92.67405137874145,64.0,8x4:743; 4x4:602; 4x8:578; 16x4:489; 8x8:384; 16x8:284
kodim11.png,awgn,5,20260811,5.007869123038568,32,4464,16,4096,88.08602150537635,64.0,8x4:774; 4x4:708; 4x8:596; 16x4:482; 8x8:400; 16x8:347
kodim11.png,awgn,15,20260811,14.815180582900055,32,4580,16,1024,85.85502183406113,64.0,8x4:637; 8x8:615; 4x8:555; 16x8:489; 16x4:488; 4x4:428
kodim11.png,awgn,30,20260811,29.000613238986944,32,3445,16,1024,114.14107402031931,64.0,16x8:551; 8x8:507; 8x16:458; 16x4:327; 4x16:300; 4x8:255
kodim11.png,stripes,8,,5.607838086296348,32,4204,16,4096,93.5337773549001,64.0,8x4:746; 4x8:605; 4x4:590; 16x4:424; 8x8:402; 16x8:276
kodim11.png,stripes,16,,11.245558137319117,32,4067,16,4096,96.68453405458568,64.0,8x4:657; 4x4:608; 4x8:547; 16x4:494; 8x8:326; 16x8:279
kodim11.png,stripes,32,,22.440473750842965,32,3741,16,4096,105.10986367281475,64.0,8x4:637; 4x4:500; 16x4:422; 4x8:405; 8x8:375; 16x8:281
kodim11.png,clean,0,,0.0,37,3047,16,4096,129.05021332458156,64.0,8x4:443; 4x4:382; 4x8:370; 8x8:321; 16x8:226; 4x16:216
kodim11.png,awgn,5,20260811,5.007869123038568,37,3029,16,4096,129.81710135358205,64.0,8x4:402; 4x8:365; 4x4:354; 8x8:313; 16x4:253; 16x8:243
kodim11.png,awgn,15,20260811,14.815180582900055,37,3779,16,4096,104.05292405398254,64.0,8x4:543; 8x8:442; 16x8:424; 4x8:402; 16x4:386; 4x4:330
kodim11.png,awgn,30,20260811,29.000613238986944,37,3515,16,1024,111.86799431009958,64.0,8x8:493; 16x8:485; 8x16:434; 16x4:364; 4x16:311; 8x4:299
kodim11.png,stripes,8,,5.607838086296348,37,2830,16,4096,138.94558303886924,64.0,8x4:425; 4x8:331; 4x4:276; 8x8:271; 16x4:254; 16x8:211
kodim11.png,stripes,16,,11.245558137319117,37,2706,16,4096,145.31263858093126,64.0,8x4:402; 4x8:328; 8x8:268; 16x4:249; 4x4:224; 16x8:200
kodim11.png,stripes,32,,22.440473750842965,37,2456,16,4096,160.10423452768728,64.0,8x4:356; 8x8:269; 4x8:255; 4x4:246; 16x4:245; 16x8:187
kodim12.png,clean,0,,0.0,22,4344,16,1024,90.51933701657458,64.0,8x4:691; 4x4:600; 4x8:547; 16x8:514; 16x4:502; 8x8:462
kodim12.png,awgn,5,20260811,4.950073971179596,22,4862,16,1024,80.87535993418346,64.0,16x8:704; 8x4:699; 8x8:691; 16x4:689; 4x8:561; 4x4:512
kodim12.png,awgn,15,20260811,14.772610591970048,22,4230,16,1024,92.95886524822696,64.0,16x8:678; 8x8:629; 16x4:487; 4x8:447; 8x16:417; 8x4:384
kodim12.png,awgn,30,20260811,29.104096514745407,22,3758,16,1024,104.63437998935603,64.0,8x8:667; 8x16:510; 16x8:501; 4x8:373; 8x4:340; 4x16:294
kodim12.png,stripes,8,,5.553129955168607,22,4248,16,1024,92.56497175141243,64.0,8x4:707; 16x4:627; 16x8:574; 4x4:568; 4x8:423; 8x8:374
kodim12.png,stripes,16,,11.156432135169991,22,4072,16,4096,96.56581532416503,64.0,8x4:687; 16x8:564; 16x4:561; 4x4:554; 4x8:380; 8x8:378
kodim12.png,stripes,32,,22.48574089052874,22,3736,16,4096,105.25053533190578,64.0,8x4:635; 16x8:532; 16x4:524; 4x4:392; 8x8:381; 4x8:295
kodim12.png,clean,0,,0.0,32,2462,16,4096,159.7140536149472,64.0,16x8:292; 8x4:280; 8x8:271; 16x4:243; 4x8:224; 32x8:185
kodim12.png,awgn,5,20260811,4.950073971179596,32,2488,16,4096,158.04501607717043,128.0,16x8:300; 8x8:268; 4x8:229; 32x4:227; 16x4:223; 8x4:217
kodim12.png,awgn,15,20260811,14.772610591970048,32,3580,16,1024,109.83687150837989,64.0,16x8:663; 8x8:520; 8x16:409; 16x4:362; 8x4:298; 4x8:258
kodim12.png,awgn,30,20260811,29.104096514745407,32,3017,16,1024,130.3334438183626,128.0,16x8:562; 8x8:431; 8x16:400; 16x4:290; 4x16:261; 16x16:230
kodim12.png,stripes,8,,5.553129955168607,32,2339,16,4096,168.11286874732792,128.0,16x8:305; 16x4:275; 32x4:248; 8x4:226; 8x8:221; 32x8:208
kodim12.png,stripes,16,,11.156432135169991,32,2178,16,4096,180.53994490358127,128.0,16x8:266; 16x4:265; 32x4:258; 8x4:214; 32x8:198; 8x8:195
kodim12.png,stripes,32,,22.48574089052874,32,2005,16,4096,196.11770573566085,128.0,16x8:253; 16x4:242; 32x8:210; 8x4:193; 8x8:188; 32x4:176
kodim12.png,clean,0,,0.0,37,1437,16,4096,273.6367432150313,128.0,16x8:168; 16x4:131; 8x8:125; 4x8:111; 8x4:110; 8x16:103
kodim12.png,awgn,5,20260811,4.950073971179596,37,1439,16,4096,273.2564280750521,128.0,16x8:160; 8x8:136; 8x16:121; 32x16:105; 16x16:104; 4x16:101
kodim12.png,awgn,15,20260811,14.772610591970048,37,2544,16,4096,154.56603773584905,128.0,16x8:347; 8x8:277; 16x4:233; 32x4:217; 8x16:215; 32x8:208
kodim12.png,awgn,30,20260811,29.104096514745407,37,3100,16,1024,126.84387096774194,128.0,16x8:499; 8x16:465; 8x8:413; 16x4:343; 4x16:285; 16x16:230
kodim12.png,stripes,8,,5.553129955168607,37,1415,16,4096,277.8911660777385,128.0,16x8:166; 8x8:157; 32x8:134; 4x8:107; 32x4:104; 16x16:99
kodim12.png,stripes,16,,11.156432135169991,37,1298,16,4096,302.93990755007707,128.0,16x8:156; 8x8:128; 16x4:113; 16x16:100; 32x8:100; 32x16:90
kodim12.png,stripes,32,,22.48574089052874,37,1260,16,4096,312.0761904761905,128.0,16x8:161; 8x8:118; 32x8:114; 32x4:107; 16x4:89; 32x16:89
kodim13.png,clean,0,,0.0,22,8314,16,512,47.29564589848449,32.0,8x4:2222; 4x4:2010; 4x8:1273; 8x8:1119; 16x4:604; 16x8:417
kodim13.png,awgn,5,20260811,4.965603838027857,22,8140,16,512,48.306633906633905,32.0,8x4:1954; 4x4:1848; 4x8:1372; 8x8:1245; 16x4:543; 16x8:427
kodim13.png,awgn,15,20260811,14.807916331748142,22,7291,16,512,53.93169661226169,32.0,4x4:1438; 8x4:1426; 8x8:1303; 4x8:1247; 16x4:529; 16x8:457
kodim13.png,awgn,30,20260811,29.113381181623296,22,5652,16,1024,69.57112526539278,64.0,8x8:1083; 4x8:973; 4x4:844; 8x4:773; 16x8:536; 8x16:511
kodim13.png,stripes,8,,5.562778194485933,22,8280,16,512,47.48985507246377,32.0,8x4:2326; 4x4:1826; 4x8:1275; 8x8:1177; 16x4:615; 16x8:425
kodim13.png,stripes,16,,11.177833060331592,22,7956,16,1024,49.4238310708899,32.0,8x4:2193; 4x4:1782; 8x8:1139; 4x8:1098; 16x4:687; 16x8:479
kodim13.png,stripes,32,,22.514730929453357,22,7205,16,1024,54.575433726578765,32.0,8x4:2077; 4x4:1542; 8x8:965; 16x4:779; 4x8:712; 16x8:601
kodim13.png,clean,0,,0.0,32,6551,16,1024,60.02381315829644,32.0,8x4:1795; 4x4:1214; 4x8:746; 8x8:731; 16x4:717; 16x8:566
kodim13.png,awgn,5,20260811,4.965603838027857,32,6560,16,1024,59.94146341463415,32.0,8x4:1617; 4x4:1150; 8x8:910; 4x8:788; 16x4:695; 16x8:589
kodim13.png,awgn,15,20260811,14.807916331748142,32,5780,16,512,68.03044982698962,64.0,8x4:1144; 8x8:918; 4x4:742; 16x8:677; 16x4:673; 4x8:669
kodim13.png,awgn,30,20260811,29.113381181623296,32,4192,16,1024,93.80152671755725,64.0,8x8:742; 16x8:692; 8x4:578; 16x4:489; 8x16:366; 4x8:325
kodim13.png,stripes,8,,5.562778194485933,32,6338,16,1024,62.04102240454402,32.0,8x4:1670; 4x4:1164; 4x8:766; 8x8:759; 16x4:638; 16x8:563
kodim13.png,stripes,16,,11.177833060331592,32,6344,16,1024,61.98234552332913,32.0,8x4:1767; 4x4:1200; 8x8:782; 16x4:735; 4x8:667; 16x8:535
kodim13.png,stripes,32,,22.514730929453357,32,5832,16,1024,67.42386831275721,32.0,8x4:1578; 4x4:1068; 16x4:761; 8x8:691; 16x8:601; 4x8:548
kodim13.png,clean,0,,0.0,37,4969,16,4096,79.13382974441538,64.0,8x4:1049; 8x8:683; 4x4:650; 16x4:580; 16x8:536; 4x8:514
kodim13.png,awgn,5,20260811,4.965603838027857,37,5012,16,1024,78.45490822027135,64.0,8x4:1106; 8x8:661; 16x4:628; 4x4:608; 16x8:564; 4x8:510
kodim13.png,awgn,15,20260811,14.807916331748142,37,5607,16,1024,70.1294810058855,64.0,8x4:1146; 8x8:816; 4x4:740; 16x4:688; 4x8:604; 16x8:559
kodim13.png,awgn,30,20260811,29.113381181623296,37,4402,16,1024,89.32666969559291,64.0,8x8:817; 16x8:700; 16x4:566; 8x4:548; 8x16:443; 4x8:391
kodim13.png,stripes,8,,5.562778194485933,37,4848,16,4096,81.10891089108911,64.0,8x4:1094; 8x8:684; 4x4:646; 16x4:616; 16x8:557; 4x8:425
kodim13.png,stripes,16,,11.177833060331592,37,4886,16,4096,80.47810069586573,64.0,8x4:1170; 4x4:770; 16x4:648; 8x8:644; 16x8:567; 4x8:375
kodim13.png,stripes,32,,22.514730929453357,37,4492,16,4096,87.53695458593054,64.0,8x4:1131; 4x4:640; 16x4:632; 16x8:583; 8x8:561; 4x8:313
kodim14.png,clean,0,,0.0,22,8159,16,1024,48.19414143890182,32.0,8x4:2272; 4x4:2084; 4x8:1092; 8x8:867; 16x4:820; 16x8:569
kodim14.png,awgn,5,20260811,5.007967132704256,22,8405,16,512,46.783581201665676,32.0,8x4:2143; 4x4:1910; 4x8:1414; 8x8:1210; 16x4:745; 16x8:481
kodim14.png,awgn,15,20260811,14.88944301870924,22,6412,16,1024,61.325015595757954,32.0,8x4:1183; 8x8:1115; 4x8:1044; 4x4:1018; 16x8:604; 16x4:555
kodim14.png,awgn,30,20260811,28.950389389028384,22,4773,16,1024,82.38340666247643,64.0,8x8:918; 4x8:723; 8x4:567; 4x4:560; 16x8:528; 8x16:468
kodim14.png,stripes,8,,5.605068356417313,22,8245,16,512,47.691449363250456,32.0,8x4:2435; 4x4:2088; 4x8:1045; 16x4:882; 8x8:759; 16x8:618
kodim14.png,stripes,16,,11.264715220574866,22,7816,16,1024,50.309109518935514,32.0,8x4:2203; 4x4:1922; 16x4:987; 4x8:910; 8x8:776; 16x8:589
kodim14.png,stripes,32,,22.58907792153577,22,7075,16,1024,55.578233215547705,32.0,8x4:2070; 4x4:1452; 16x4:970; 4x8:724; 16x8:697; 8x8:663
kodim14.png,clean,0,,0.0,32,5962,16,1024,65.95370680979536,32.0,8x4:1347; 4x4:1172; 8x8:776; 4x8:761; 16x4:588; 16x8:524
kodim14.png,awgn,5,20260811,5.007967132704256,32,5928,16,1024,66.33198380566802,32.0,8x4:1382; 4x4:1098; 8x8:770; 4x8:749; 16x4:620; 16x8:510
kodim14.png,awgn,15,20260811,14.88944301870924,32,5249,16,1024,74.91255477233759,64.0,8x8:943; 8x4:849; 16x8:728; 16x4:684; 4x8:571; 4x4:560
kodim14.png,awgn,30,20260811,28.950389389028384,32,3938,16,1024,99.85170137125445,64.0,8x8:734; 16x8:581; 16x4:454; 4x8:415; 8x16:389; 8x4:362
kodim14.png,stripes,8,,5.605068356417313,32,5959,16,1024,65.98691055546233,32.0,8x4:1483; 4x4:1102; 4x8:782; 8x8:722; 16x4:602; 16x8:559
kodim14.png,stripes,16,,11.264715220574866,32,5810,16,1024,67.67917383820998,32.0,8x4:1456; 4x4:1110; 16x4:748; 8x8:691; 4x8:601; 16x8:511
kodim14.png,stripes,32,,22.58907792153577,32,5154,16,4096,76.29336437718277,32.0,8x4:1198; 4x4:902; 16x4:681; 8x8:551; 16x8:527; 4x8:519
kodim14.png,clean,0,,0.0,37,4159,16,1024,94.54580427987497,64.0,8x4:677; 8x8:632; 4x4:548; 16x8:497; 4x8:453; 16x4:413
kodim14.png,awgn,5,20260811,5.007967132704256,37,4164,16,1024,94.43227665706051,64.0,8x4:675; 8x8:561; 4x4:548; 4x8:539; 16x8:522; 16x4:395
kodim14.png,awgn,15,20260811,14.88944301870924,37,4990,16,1024,78.80080160320641,64.0,8x4:843; 8x8:805; 16x8:649; 16x4:609; 4x8:576; 4x4:526
kodim14.png,awgn,30,20260811,28.950389389028384,37,3914,16,1024,100.46397547266224,64.0,8x8:787; 16x8:621; 8x16:463; 8x4:437; 16x4:377; 4x8:313
kodim14.png,stripes,8,,5.605068356417313,37,4065,16,1024,96.73210332103321,64.0,8x4:677; 8x8:578; 16x8:519; 4x4:504; 16x4:499; 4x8:407
kodim14.png,stripes,16,,11.264715220574866,37,4010,16,4096,98.05885286783042,64.0,8x4:663; 8x8:549; 16x8:534; 16x4:500; 4x8:449; 4x4:444
kodim14.png,stripes,32,,22.58907792153577,37,3634,16,4096,108.20473307649972,64.0,8x4:630; 16x4:478; 4x4:452; 8x8:437; 16x8:427; 4x8:346
kodim15.png,clean,0,,0.0,22,4040,16,4096,97.33069306930693,32.0,4x8:731; 4x4:728; 8x4:579; 8x8:507; 8x16:318; 4x16:262
kodim15.png,awgn,5,20260811,4.824339731529574,22,4755,16,1024,82.69526813880127,64.0,4x8:784; 8x8:676; 8x16:598; 8x4:571; 4x4:554; 4x16:415
kodim15.png,awgn,15,20260811,14.091127996152006,22,4566,16,1024,86.11826544021025,64.0,8x8:669; 4x8:632; 4x16:590; 8x16:532; 8x4:504; 16x8:444
kodim15.png,awgn,30,20260811,26.758800306812397,22,4514,16,1024,87.1103234381923,64.0,4x8:714; 8x8:682; 8x16:594; 4x16:488; 8x4:443; 4x4:410
kodim15.png,stripes,8,,5.421871716647661,22,3689,16,4096,106.5914882081865,64.0,4x4:658; 4x8:601; 8x4:560; 8x8:473; 8x16:261; 16x4:224
kodim15.png,stripes,16,,10.794278765201147,22,3385,16,4096,116.16425406203841,64.0,4x4:490; 8x4:490; 4x8:483; 8x8:419; 16x8:277; 8x16:252
kodim15.png,stripes,32,,21.36284430122037,22,3154,16,4096,124.6721623335447,64.0,8x4:470; 4x4:418; 8x8:383; 4x8:357; 16x8:315; 16x4:269
kodim15.png,clean,0,,0.0,32,2249,16,4096,174.84037349933303,64.0,8x8:315; 4x8:297; 8x16:247; 8x4:220; 4x4:182; 16x8:158
kodim15.png,awgn,5,20260811,4.824339731529574,32,2309,16,4096,170.29709831095713,64.0,8x8:301; 4x8:290; 4x4:262; 8x16:246; 8x4:203; 16x16:196
kodim15.png,awgn,15,20260811,14.091127996152006,32,3732,16,1024,105.36334405144694,64.0,8x8:582; 8x16:564; 16x8:417; 4x16:393; 4x8:386; 8x4:337
kodim15.png,awgn,30,20260811,26.758800306812397,32,3225,16,1024,121.92744186046512,128.0,8x16:574; 8x8:502; 16x8:407; 4x16:359; 16x4:281; 16x16:276
kodim15.png,stripes,8,,5.421871716647661,32,2073,16,4096,189.68451519536902,64.0,4x8:291; 8x8:288; 4x4:196; 8x16:178; 8x4:175; 16x8:166
kodim15.png,stripes,16,,10.794278765201147,32,1924,16,4096,204.37422037422039,64.0,8x8:226; 4x8:221; 8x4:210; 16x8:183; 8x16:157; 16x4:154
kodim15.png,stripes,32,,21.36284430122037,32,1816,16,4096,216.5286343612335,64.0,8x8:225; 16x8:203; 8x4:180; 4x8:172; 8x16:146; 16x16:141
kodim15.png,clean,0,,0.0,37,1530,16,4096,257.00392156862745,128.0,8x8:166; 8x16:153; 16x8:149; 4x8:139; 16x16:137; 4x16:125
kodim15.png,awgn,5,20260811,4.824339731529574,37,1481,16,4096,265.50708980418636,128.0,4x8:161; 8x8:156; 8x16:146; 16x8:128; 16x16:124; 4x16:115
kodim15.png,awgn,15,20260811,14.091127996152006,37,2299,16,4096,171.0378425402349,128.0,8x16:298; 8x8:267; 16x8:228; 4x8:217; 4x16:202; 16x16:198
kodim15.png,awgn,30,20260811,26.758800306812397,37,3176,16,1024,123.80856423173803,128.0,8x16:531; 8x8:424; 4x16:409; 16x8:380; 16x16:284; 4x8:259
kodim15.png,stripes,8,,5.421871716647661,37,1474,16,4096,266.76797829036633,128.0,4x8:190; 8x8:178; 8x16:150; 16x8:136; 16x16:115; 4x16:104
kodim15.png,stripes,16,,10.794278765201147,37,1234,16,4096,318.65153970826583,128.0,8x16:148; 16x8:135; 8x8:118; 16x16:108; 4x8:106; 16x4:85
kodim15.png,stripes,32,,21.36284430122037,37,1203,16,4096,326.8628428927681,128.0,16x8:156; 8x8:143; 16x16:117; 8x16:102; 4x8:94; 32x32:87
kodim16.png,clean,0,,0.0,22,4528,16,4096,86.84098939929329,64.0,8x4:970; 16x4:810; 16x8:619; 4x4:566; 8x8:410; 4x8:363
kodim16.png,awgn,5,20260811,5.0075164247174575,22,4886,16,1024,80.47810069586573,64.0,8x4:939; 16x4:855; 16x8:741; 8x8:625; 4x4:546; 4x8:374
kodim16.png,awgn,15,20260811,14.97023286423018,22,4143,16,1024,94.91093410572049,64.0,16x8:738; 8x8:687; 16x4:554; 8x4:493; 4x8:341; 8x16:287
kodim16.png,awgn,30,20260811,29.52062366512541,22,3295,16,1024,119.3371775417299,64.0,8x8:569; 16x8:523; 8x16:509; 16x16:312; 4x16:283; 16x4:265
kodim16.png,stripes,8,,5.605042721179742,22,4110,16,4096,95.67299270072992,64.0,8x4:898; 16x4:746; 16x8:553; 4x4:500; 8x8:399; 4x8:258
kodim16.png,stripes,16,,11.270969768457565,22,3945,16,4096,99.67452471482889,64.0,8x4:801; 16x4:765; 16x8:540; 4x4:426; 8x8:319; 4x8:286
kodim16.png,stripes,32,,22.75305283852023,22,3661,16,4096,107.40671947555313,64.0,8x4:704; 16x4:690; 16x8:567; 8x8:391; 4x4:340; 32x8:267
kodim16.png,clean,0,,0.0,32,2594,16,4096,151.58673862760216,64.0,8x4:392; 16x4:345; 16x8:287; 32x4:250; 32x8:247; 4x4:220
kodim16.png,awgn,5,20260811,5.0075164247174575,32,2602,16,4096,151.1206764027671,128.0,16x8:370; 16x4:353; 8x4:312; 32x4:297; 32x8:224; 8x8:220
kodim16.png,awgn,15,20260811,14.97023286423018,32,3425,16,1024,114.80759124087591,128.0,16x8:737; 16x4:523; 8x8:398; 8x16:302; 8x4:296; 16x16:228
kodim16.png,awgn,30,20260811,29.52062366512541,32,2742,16,1024,143.40481400437636,128.0,16x8:615; 8x8:351; 8x16:316; 16x4:307; 16x16:265; 4x16:179
kodim16.png,stripes,8,,5.605042721179742,32,2437,16,4096,161.35248256052523,128.0,32x4:323; 16x4:293; 8x4:287; 32x8:279; 16x8:258; 8x8:229
kodim16.png,stripes,16,,11.270969768457565,32,2444,16,4096,160.89034369885434,128.0,16x4:334; 16x8:324; 32x4:318; 32x8:307; 8x4:283; 8x8:198
kodim16.png,stripes,32,,22.75305283852023,32,2182,16,4096,180.2089825847846,128.0,32x4:330; 32x8:319; 16x4:286; 16x8:278; 8x4:232; 8x8:156
kodim16.png,clean,0,,0.0,37,1617,16,4096,243.17625231910947,128.0,16x8:196; 32x8:186; 32x4:166; 8x8:160; 32x16:159; 16x4:152
kodim16.png,awgn,5,20260811,5.0075164247174575,37,1729,16,4096,227.42394447657605,128.0,32x8:225; 32x4:188; 16x4:184; 32x16:181; 16x8:171; 8x4:137
kodim16.png,awgn,15,20260811,14.97023286423018,37,2722,16,4096,144.45848640705364,128.0,16x4:482; 16x8:480; 32x4:283; 8x8:276; 8x4:236; 32x8:207
kodim16.png,awgn,30,20260811,29.52062366512541,37,2927,16,1024,134.34096344379913,128.0,16x8:659; 16x4:400; 8x8:397; 8x16:390; 16x16:277; 8x4:168
kodim16.png,stripes,8,,5.605042721179742,37,1588,16,4096,247.61712846347606,128.0,32x8:249; 32x4:199; 32x16:186; 16x4:179; 16x8:178; 8x4:107
kodim16.png,stripes,16,,11.270969768457565,37,1513,16,4096,259.8916060806345,128.0,32x8:232; 32x4:198; 16x8:196; 32x16:171; 16x4:144; 8x8:115
kodim16.png,stripes,32,,22.75305283852023,37,1439,16,4096,273.2564280750521,128.0,32x8:276; 32x4:213; 16x8:181; 32x16:150; 16x4:140; 8x8:99
kodim17.png,clean,0,,0.0,22,6543,16,4096,60.09720311783585,32.0,4x4:1674; 8x4:1449; 4x8:1246; 8x8:730; 16x4:312; 16x8:267
kodim17.png,awgn,5,20260811,4.992641883989961,22,6292,16,1024,62.49459631277813,32.0,4x8:1175; 8x4:1172; 4x4:1074; 8x8:1030; 16x8:389; 8x16:381
kodim17.png,awgn,15,20260811,14.577544075041091,22,5301,16,1024,74.17770232031693,64.0,4x8:861; 8x8:835; 8x4:654; 4x16:592; 8x16:552; 16x8:534
kodim17.png,awgn,30,20260811,28.22580540388958,22,4956,16,1024,79.34140435835351,64.0,8x8:908; 4x8:810; 8x4:562; 8x16:552; 16x8:542; 4x4:480
kodim17.png,stripes,8,,5.607300894687898,22,5900,16,4096,66.64677966101695,32.0,8x4:1431; 4x4:1350; 4x8:1034; 8x8:702; 16x4:349; 16x8:304
kodim17.png,stripes,16,,11.183022283178538,22,5740,16,4096,68.50452961672474,32.0,8x4:1458; 4x4:1322; 4x8:833; 8x8:658; 16x4:387; 16x8:327
kodim17.png,stripes,32,,22.031489637437847,22,5063,16,4096,77.66462571597867,32.0,8x4:1211; 4x4:954; 4x8:570; 8x8:521; 16x4:472; 16x8:469
kodim17.png,clean,0,,0.0,32,3987,16,4096,98.62452972159518,64.0,8x4:692; 4x4:598; 8x8:585; 4x8:509; 16x8:297; 8x16:290
kodim17.png,awgn,5,20260811,4.992641883989961,32,4075,16,4096,96.49472392638037,64.0,8x8:732; 8x4:651; 4x8:570; 4x4:534; 8x16:297; 16x8:290
kodim17.png,awgn,15,20260811,14.577544075041091,32,4371,16,1024,89.9601921757035,64.0,8x8:786; 16x8:572; 8x16:557; 8x4:546; 4x8:416; 16x4:414
kodim17.png,awgn,30,20260811,28.22580540388958,32,3559,16,1024,110.48496768755268,64.0,8x8:611; 16x8:575; 8x16:547; 4x16:420; 16x4:276; 4x8:265
kodim17.png,stripes,8,,5.607300894687898,32,3790,16,4096,103.7509234828496,64.0,8x4:669; 4x4:580; 8x8:569; 4x8:529; 16x8:345; 16x4:233
kodim17.png,stripes,16,,11.183022283178538,32,3497,16,4096,112.44380897912497,64.0,8x4:578; 4x4:536; 8x8:475; 4x8:440; 16x8:361; 16x4:288
kodim17.png,stripes,32,,22.031489637437847,32,3218,16,4096,122.19266625233064,64.0,8x4:513; 4x4:490; 8x8:389; 4x8:364; 16x8:331; 16x4:256
kodim17.png,clean,0,,0.0,37,2521,16,4096,155.9761999206664,64.0,8x8:315; 8x16:273; 16x8:271; 4x8:255; 16x16:235; 8x4:233
kodim17.png,awgn,5,20260811,4.992641883989961,37,2629,16,4096,149.56865728413845,64.0,8x8:381; 16x8:300; 8x16:286; 4x8:267; 8x4:261; 4x4:204
kodim17.png,awgn,15,20260811,14.577544075041091,37,3174,16,4096,123.88657844990549,64.0,8x8:477; 8x4:396; 16x8:374; 8x16:355; 4x8:289; 16x4:250
kodim17.png,awgn,30,20260811,28.22580540388958,37,3594,16,1024,109.40901502504174,64.0,8x8:624; 8x16:586; 16x8:568; 16x4:348; 4x16:347; 16x16:266
kodim17.png,stripes,8,,5.607300894687898,37,2456,16,4096,160.10423452768728,64.0,8x8:408; 16x8:286; 8x4:257; 4x8:230; 8x16:230; 4x4:226
kodim17.png,stripes,16,,11.183022283178538,37,2186,16,4096,179.87923147301007,64.0,8x8:310; 16x8:262; 8x4:237; 4x8:217; 8x16:180; 16x16:166
kodim17.png,stripes,32,,22.031489637437847,37,2039,16,4096,192.84747425208437,64.0,8x8:274; 16x8:273; 8x4:196; 16x4:194; 4x4:174; 4x8:171
kodim18.png,clean,0,,0.0,22,6101,16,1024,64.45107359449271,32.0,4x4:1240; 4x8:1136; 8x4:1108; 8x8:869; 8x16:419; 4x16:375
kodim18.png,awgn,5,20260811,4.9957099311780855,22,6842,16,1024,57.47091493715288,32.0,4x8:1422; 4x4:1298; 8x8:1183; 8x4:1117; 4x16:479; 8x16:469
kodim18.png,awgn,15,20260811,14.801777281025524,22,5930,16,1024,66.30961214165261,64.0,8x8:1173; 4x8:1115; 4x4:824; 8x4:771; 8x16:532; 4x16:507
kodim18.png,awgn,30,20260811,28.62146698361403,22,4776,16,1024,82.33165829145729,64.0,8x8:929; 4x8:743; 8x16:596; 4x4:520; 8x4:479; 16x8:455
kodim18.png,stripes,8,,5.598304982470839,22,5944,16,4096,66.15343203230148,32.0,4x4:1292; 8x4:1239; 4x8:1061; 8x8:827; 16x4:328; 16x8:289
kodim18.png,stripes,16,,11.242499783022302,22,5702,16,1024,68.96106629252894,32.0,8x4:1300; 4x4:1234; 4x8:883; 8x8:751; 16x4:329; 16x8:318
kodim18.png,stripes,32,,22.480260709832333,22,5085,16,1024,77.32861356932153,32.0,8x4:1161; 4x4:942; 4x8:732; 8x8:640; 16x4:372; 16x8:353
kodim18.png,clean,0,,0.0,32,4226,16,1024,93.04685281590156,64.0,8x8:664; 8x4:638; 4x8:631; 4x4:610; 8x16:351; 16x8:280
kodim18.png,awgn,5,20260811,4.9957099311780855,32,4501,16,4096,87.36191957342812,64.0,4x8:746; 8x4:709; 8x8:671; 4x4:602; 8x16:358; 16x8:316
kodim18.png,awgn,15,20260811,14.801777281025524,32,4696,16,512,83.73424190800681,64.0,8x8:830; 4x8:719; 8x16:597; 8x4:536; 16x8:470; 4x16:445
kodim18.png,awgn,30,20260811,28.62146698361403,32,3712,16,1024,105.93103448275862,64.0,8x8:649; 8x16:576; 16x8:516; 4x16:369; 8x4:342; 4x8:332
kodim18.png,stripes,8,,5.598304982470839,32,4124,16,4096,95.34820562560621,64.0,8x4:674; 4x8:621; 8x8:610; 4x4:590; 16x8:325; 8x16:305
kodim18.png,stripes,16,,11.242499783022302,32,4020,16,4096,97.81492537313433,64.0,8x4:741; 4x8:604; 8x8:562; 4x4:534; 16x8:345; 16x4:319
kodim18.png,stripes,32,,22.480260709832333,32,3775,16,4096,104.16317880794702,64.0,8x4:651; 4x4:546; 4x8:512; 8x8:493; 16x8:384; 16x4:308
kodim18.png,clean,0,,0.0,37,3171,16,4096,124.00378429517502,64.0,8x8:528; 4x8:374; 8x4:359; 16x8:337; 8x16:317; 4x4:282
kodim18.png,awgn,5,20260811,4.9957099311780855,37,3128,16,4096,125.70843989769821,64.0,8x8:483; 4x8:398; 8x4:346; 8x16:334; 16x8:318; 4x4:288
kodim18.png,awgn,15,20260811,14.801777281025524,37,4370,16,1024,89.98077803203661,64.0,8x8:735; 4x8:578; 8x4:555; 8x16:499; 16x8:444; 4x4:410
kodim18.png,awgn,30,20260811,28.62146698361403,37,3551,16,1024,110.73387778090678,64.0,8x8:664; 8x16:614; 16x8:566; 4x16:317; 4x8:291; 16x16:261
kodim18.png,stripes,8,,5.598304982470839,37,3008,16,4096,130.72340425531914,64.0,8x8:485; 16x8:378; 4x8:357; 8x4:346; 4x4:298; 8x16:288
kodim18.png,stripes,16,,11.242499783022302,37,2739,16,4096,143.5618838992333,64.0,8x8:382; 4x8:332; 8x4:327; 16x8:317; 8x16:264; 4x4:246
kodim18.png,stripes,32,,22.480260709832333,37,2500,16,4096,157.2864,64.0,8x8:334; 8x4:319; 16x8:291; 16x4:233; 4x8:213; 4x4:204
kodim19.png,clean,0,,0.0,22,4681,16,4096,84.00256355479598,32.0,4x4:902; 8x4:879; 4x8:646; 8x8:531; 16x8:506; 16x4:360
kodim19.png,awgn,5,20260811,5.001064187287651,22,5608,16,1024,70.1169757489301,64.0,4x8:909; 4x4:880; 8x4:879; 8x8:836; 16x8:551; 16x4:516
kodim19.png,awgn,15,20260811,14.912552136449706,22,4893,16,1024,80.3629675045984,64.0,8x8:730; 4x8:715; 8x4:648; 4x4:558; 16x8:474; 4x16:430
kodim19.png,awgn,30,20260811,29.386406857587648,22,3800,16,1024,103.4778947368421,64.0,8x8:654; 8x16:542; 4x8:451; 16x8:384; 4x16:340; 8x4:324
kodim19.png,stripes,8,,5.600816067770839,22,4351,16,4096,90.37370719374856,32.0,8x4:901; 4x4:860; 4x8:665; 8x8:467; 16x4:423; 16x8:409
kodim19.png,stripes,16,,11.254906608683267,22,3867,16,4096,101.68502715283165,32.0,8x4:809; 4x4:688; 4x8:527; 8x8:443; 16x8:428; 16x4:393
kodim19.png,stripes,32,,22.66082248893092,22,3476,16,4096,113.12313003452243,64.0,8x4:661; 4x4:576; 16x4:455; 16x8:436; 4x8:353; 8x8:342
kodim19.png,clean,0,,0.0,32,2854,16,4096,137.7771548703574,64.0,8x4:460; 4x8:416; 4x4:396; 8x8:311; 16x8:238; 16x4:200
kodim19.png,awgn,5,20260811,5.001064187287651,32,3170,16,4096,124.0429022082019,64.0,8x4:517; 4x8:490; 4x4:434; 8x8:327; 16x8:287; 16x4:277
kodim19.png,awgn,15,20260811,14.912552136449706,32,4107,16,1024,95.74287801314829,64.0,8x8:559; 8x4:491; 16x8:464; 4x8:462; 16x4:439; 8x16:427
kodim19.png,awgn,30,20260811,29.386406857587648,32,2987,16,1024,131.6424506193505,128.0,8x8:426; 16x8:417; 8x16:407; 4x16:262; 16x4:250; 4x8:240
kodim19.png,stripes,8,,5.600816067770839,32,2665,16,4096,147.5482176360225,64.0,8x4:443; 4x4:396; 4x8:369; 8x8:292; 16x8:234; 16x4:199
kodim19.png,stripes,16,,11.254906608683267,32,2466,16,4096,159.45498783454988,64.0,4x4:382; 8x4:365; 4x8:312; 8x8:255; 16x4:245; 16x8:231
kodim19.png,stripes,32,,22.66082248893092,32,2340,16,4096,168.04102564102564,64.0,8x4:394; 4x4:330; 16x8:253; 4x8:241; 16x4:238; 8x8:226
kodim19.png,clean,0,,0.0,37,2045,16,4096,192.28166259168705,64.0,4x8:232; 16x8:220; 8x8:205; 8x4:196; 4x4:176; 16x4:170
kodim19.png,awgn,5,20260811,5.001064187287651,37,2171,16,4096,181.12206356517734,64.0,4x8:280; 4x4:250; 16x8:223; 8x4:211; 8x8:210; 8x16:154
kodim19.png,awgn,15,20260811,14.912552136449706,37,3072,16,4096,128.0,64.0,16x8:378; 8x8:366; 4x8:334; 8x4:320; 16x4:281; 8x16:267
kodim19.png,awgn,30,20260811,29.386406857587648,37,2945,16,1024,133.51986417657045,128.0,8x16:439; 8x8:425; 16x8:408; 16x16:281; 4x16:275; 16x4:237
kodim19.png,stripes,8,,5.600816067770839,37,1953,16,4096,201.3394777265745,64.0,8x8:247; 4x8:233; 16x8:230; 8x4:226; 16x4:177; 4x4:174
kodim19.png,stripes,16,,11.254906608683267,37,1879,16,4096,209.26875997871207,64.0,8x4:233; 8x8:225; 4x8:210; 16x8:192; 16x4:188; 4x4:182
kodim19.png,stripes,32,,22.66082248893092,37,1623,16,4096,242.27726432532347,64.0,16x8:205; 8x4:203; 16x4:194; 8x8:161; 4x8:156; 4x4:138
kodim20.png,clean,0,,0.0,22,3991,16,4096,98.5256827862691,32.0,4x4:994; 8x4:907; 4x8:526; 8x8:491; 16x4:274; 16x8:254
kodim20.png,awgn,5,20260811,4.3788702421951,22,4878,16,1024,80.61008610086101,32.0,8x4:929; 4x4:870; 4x8:702; 8x8:610; 16x8:416; 16x4:351
kodim20.png,awgn,15,20260811,12.922175522691905,22,5498,16,512,71.51982539105128,64.0,4x8:892; 8x4:856; 8x8:731; 4x4:644; 16x4:571; 16x8:456
kodim20.png,awgn,30,20260811,25.211981929158682,22,6360,16,1024,61.82641509433962,32.0,4x8:1198; 8x4:1189; 4x4:1034; 8x8:864; 16x4:484; 4x16:400
kodim20.png,stripes,8,,4.90498222283043,22,3926,16,4096,100.15690269994906,32.0,8x4:982; 4x4:884; 4x8:496; 8x8:414; 16x4:371; 16x8:257
kodim20.png,stripes,16,,9.809525543156301,22,3736,16,4096,105.25053533190578,32.0,8x4:898; 4x4:872; 4x8:454; 8x8:372; 16x4:351; 16x8:269
kodim20.png,stripes,32,,19.58058320342951,22,3406,16,4096,115.44803288314739,32.0,8x4:786; 4x4:736; 4x8:390; 16x4:386; 16x8:304; 8x8:270
kodim20.png,clean,0,,0.0,32,2611,16,4096,150.59977020298737,64.0,8x4:478; 4x4:390; 8x8:345; 4x8:321; 16x8:254; 16x4:229
kodim20.png,awgn,5,20260811,4.3788702421951,32,2688,16,4096,146.28571428571428,64.0,8x4:523; 4x4:398; 4x8:320; 8x8:297; 16x4:273; 16x8:237
kodim20.png,awgn,15,20260811,12.922175522691905,32,3467,16,1024,113.41678684741852,64.0,8x4:482; 8x8:469; 16x8:459; 4x8:335; 16x4:326; 4x4:302
kodim20.png,awgn,30,20260811,25.211981929158682,32,3772,16,1024,104.24602332979852,64.0,16x8:488; 16x4:472; 8x8:464; 8x16:372; 8x4:364; 32x4:363
kodim20.png,stripes,8,,4.90498222283043,32,2682,16,4096,146.61297539149888,64.0,8x4:484; 4x4:430; 8x8:316; 16x4:307; 16x8:289; 4x8:283
kodim20.png,stripes,16,,9.809525543156301,32,2521,16,4096,155.9761999206664,64.0,8x4:456; 4x4:404; 4x8:296; 8x8:264; 16x4:262; 16x8:252
kodim20.png,stripes,32,,19.58058320342951,32,2390,16,4096,164.5255230125523,64.0,8x4:455; 4x4:362; 16x4:277; 4x8:238; 8x8:233; 16x8:218
kodim20.png,clean,0,,0.0,37,1912,16,4096,205.65690376569037,64.0,8x8:246; 4x4:244; 8x4:221; 4x8:211; 16x8:188; 16x4:159
kodim20.png,awgn,5,20260811,4.3788702421951,37,1952,16,4096,201.44262295081967,64.0,4x4:242; 8x4:241; 16x8:217; 4x8:214; 8x8:211; 16x4:167
kodim20.png,awgn,15,20260811,12.922175522691905,37,2424,16,4096,162.21782178217822,64.0,8x4:384; 8x8:340; 16x8:284; 4x4:262; 16x4:254; 4x8:225
kodim20.png,awgn,30,20260811,25.211981929158682,37,2919,16,1024,134.70914696813978,128.0,16x8:438; 8x8:376; 8x16:324; 16x4:298; 8x4:213; 16x16:196
kodim20.png,stripes,8,,4.90498222283043,37,1913,16,4096,205.54939884997387,64.0,8x8:250; 8x4:245; 16x8:222; 4x4:204; 4x8:189; 16x4:180
kodim20.png,stripes,16,,9.809525543156301,37,1868,16,4096,210.50107066381156,64.0,8x4:268; 4x4:238; 16x8:230; 8x8:210; 4x8:199; 16x4:143
kodim20.png,stripes,32,,19.58058320342951,37,1803,16,4096,218.08985024958403,64.0,8x4:217; 16x4:211; 16x8:208; 8x8:203; 4x4:192; 4x8:163
kodim21.png,clean,0,,0.0,22,5104,16,4096,77.04075235109718,32.0,8x4:1329; 4x4:1082; 8x8:614; 16x4:591; 4x8:556; 16x8:429
kodim21.png,awgn,5,20260811,4.990282406610006,22,5698,16,1024,69.00947700947701,32.0,8x4:1287; 4x4:988; 8x8:803; 4x8:711; 16x4:625; 16x8:543
kodim21.png,awgn,15,20260811,14.920442469140616,22,5280,16,1024,74.47272727272727,64.0,8x4:872; 8x8:871; 4x4:822; 4x8:691; 16x8:564; 16x4:450
kodim21.png,awgn,30,20260811,29.527119687118407,22,4175,16,1024,94.18347305389221,64.0,8x8:757; 4x8:569; 16x8:518; 8x4:498; 4x4:426; 8x16:400
kodim21.png,stripes,8,,5.5874262748707375,22,5236,16,4096,75.09854851031322,32.0,8x4:1420; 4x4:1158; 16x4:598; 4x8:593; 8x8:562; 16x8:403
kodim21.png,stripes,16,,11.237653725166334,22,4990,16,4096,78.80080160320641,32.0,8x4:1367; 4x4:984; 8x8:623; 16x4:574; 4x8:567; 16x8:389
kodim21.png,stripes,32,,22.67952731806664,22,4695,16,4096,83.7520766773163,32.0,8x4:1331; 4x4:836; 16x4:644; 8x8:525; 4x8:449; 16x8:439
kodim21.png,clean,0,,0.0,32,3686,16,4096,106.67824199674443,32.0,8x4:868; 4x4:604; 16x4:474; 8x8:405; 4x8:380; 16x8:370
kodim21.png,awgn,5,20260811,4.990282406610006,32,3967,16,4096,99.12175447441392,32.0,8x4:1052; 4x4:756; 8x8:455; 16x4:429; 16x8:397; 4x8:366
kodim21.png,awgn,15,20260811,14.920442469140616,32,4410,16,1024,89.16462585034013,64.0,8x4:826; 8x8:618; 16x8:573; 16x4:528; 4x8:449; 4x4:410
kodim21.png,awgn,30,20260811,29.527119687118407,32,3267,16,1024,120.35996326905418,64.0,16x8:563; 8x8:504; 16x4:393; 8x4:306; 8x16:290; 4x8:239
kodim21.png,stripes,8,,5.5874262748707375,32,3685,16,4096,106.70719131614653,32.0,8x4:857; 4x4:680; 16x4:465; 8x8:418; 16x8:392; 4x8:359
kodim21.png,stripes,16,,11.237653725166334,32,3781,16,4096,103.99788415763025,32.0,8x4:944; 4x4:704; 16x4:474; 8x8:400; 16x8:392; 4x8:360
kodim21.png,stripes,32,,22.67952731806664,32,3643,16,4096,107.93741421905024,32.0,8x4:873; 4x4:636; 16x4:523; 16x8:405; 8x8:370; 4x8:315
kodim21.png,clean,0,,0.0,37,2956,16,4096,133.02300405953991,64.0,8x4:611; 16x4:407; 4x4:402; 8x8:351; 16x8:345; 4x8:250
kodim21.png,awgn,5,20260811,4.990282406610006,37,3055,16,4096,128.71227495908346,64.0,8x4:640; 8x8:412; 4x4:404; 16x4:362; 16x8:325; 4x8:290
kodim21.png,awgn,15,20260811,14.920442469140616,37,3437,16,4096,114.40675007273785,64.0,8x4:633; 16x8:494; 16x4:449; 8x8:442; 4x4:440; 4x8:273
kodim21.png,awgn,30,20260811,29.527119687118407,37,3347,16,1024,117.48311921123394,64.0,16x8:615; 8x8:535; 16x4:404; 8x16:339; 8x4:332; 16x16:228
kodim21.png,stripes,8,,5.5874262748707375,37,2839,16,4096,138.50510743219442,64.0,8x4:530; 8x8:394; 16x8:361; 4x4:348; 16x4:347; 4x8:266
kodim21.png,stripes,16,,11.237653725166334,37,2718,16,4096,144.6710816777042,64.0,8x4:478; 16x8:384; 16x4:382; 8x8:366; 4x4:276; 4x8:236
kodim21.png,stripes,32,,22.67952731806664,37,2663,16,4096,147.6590311678558,64.0,8x4:468; 16x4:410; 16x8:347; 8x8:315; 4x4:288; 4x8:226
kodim22.png,clean,0,,0.0,22,5509,16,4096,71.37701942276276,32.0,8x4:1045; 4x8:1030; 4x4:906; 8x8:807; 16x4:373; 8x16:334
kodim22.png,awgn,5,20260811,4.995336010348308,22,6094,16,1024,64.52510666229078,64.0,8x8:1075; 4x8:1063; 8x4:1044; 4x4:838; 8x16:521; 4x16:489
kodim22.png,awgn,15,20260811,14.940542169322832,22,4798,16,1024,81.95414756148395,64.0,8x8:772; 4x8:652; 8x16:568; 8x4:551; 16x8:539; 4x16:523
kodim22.png,awgn,30,20260811,29.607656432027387,22,3883,16,1024,101.26603141900593,64.0,8x8:851; 8x16:552; 16x8:470; 4x8:459; 4x16:331; 8x4:294
kodim22.png,stripes,8,,5.584811038808091,22,5177,16,4096,75.95441375313888,32.0,8x4:1043; 4x4:886; 4x8:802; 8x8:736; 16x4:388; 16x8:372
kodim22.png,stripes,16,,11.233139062063763,22,4800,16,4096,81.92,32.0,8x4:923; 4x4:784; 8x8:732; 4x8:713; 16x4:386; 16x8:351
kodim22.png,stripes,32,,22.688004921583065,22,4085,16,4096,96.25850673194614,64.0,8x4:815; 4x4:602; 8x8:557; 4x8:474; 16x8:398; 16x4:376
kodim22.png,clean,0,,0.0,32,3335,16,4096,117.90584707646177,64.0,8x8:443; 4x8:430; 8x4:372; 16x8:356; 4x4:336; 8x16:331
kodim22.png,awgn,5,20260811,4.995336010348308,32,3649,16,4096,107.75993422855576,64.0,8x4:525; 8x8:484; 4x8:451; 8x16:398; 16x8:371; 4x4:360
kodim22.png,awgn,15,20260811,14.940542169322832,32,4025,16,1024,97.69341614906833,64.0,8x8:641; 8x16:630; 16x8:518; 4x8:426; 8x4:379; 4x16:370
kodim22.png,awgn,30,20260811,29.607656432027387,32,3326,16,1024,118.22489476849069,64.0,8x8:529; 8x16:519; 16x8:513; 4x16:361; 16x4:308; 4x8:234
kodim22.png,stripes,8,,5.584811038808091,32,3106,16,4096,126.59884095299421,64.0,8x4:449; 8x8:412; 4x8:382; 16x8:320; 4x4:286; 16x4:273
kodim22.png,stripes,16,,11.233139062063763,32,2961,16,4096,132.7983789260385,64.0,8x4:461; 4x8:363; 8x8:362; 4x4:324; 16x4:294; 16x8:293
kodim22.png,stripes,32,,22.688004921583065,32,2696,16,4096,145.85163204747775,64.0,8x4:421; 16x8:327; 4x4:316; 16x4:291; 8x8:273; 4x8:247
kodim22.png,clean,0,,0.0,37,2274,16,4096,172.91820580474933,128.0,8x8:263; 16x8:255; 8x16:244; 16x16:229; 4x8:196; 8x4:164
kodim22.png,awgn,5,20260811,4.995336010348308,37,2318,16,4096,169.63589301121655,128.0,8x8:303; 16x8:285; 8x16:255; 16x4:194; 16x16:189; 4x8:181
kodim22.png,awgn,15,20260811,14.940542169322832,37,3282,16,1024,119.80987202925046,64.0,8x8:459; 16x8:423; 8x16:396; 4x16:345; 4x8:295; 16x4:259
kodim22.png,awgn,30,20260811,29.607656432027387,37,3102,16,1024,126.76208897485493,128.0,8x8:515; 16x8:499; 8x16:497; 16x4:307; 16x16:258; 4x16:253
kodim22.png,stripes,8,,5.584811038808091,37,2098,16,4096,187.42421353670161,128.0,16x8:284; 8x8:234; 8x16:204; 16x16:197; 8x4:193; 4x8:153
kodim22.png,stripes,16,,11.233139062063763,37,1914,16,4096,205.44200626959247,128.0,16x8:296; 8x8:208; 16x16:173; 8x4:163; 16x4:163; 4x8:150
kodim22.png,stripes,32,,22.688004921583065,37,1804,16,4096,217.9689578713969,128.0,16x8:234; 8x8:186; 8x4:170; 16x4:170; 16x16:142; 4x8:137
kodim23.png,clean,0,,0.0,22,3522,16,4096,111.64565587734242,64.0,4x8:674; 8x4:531; 4x4:510; 8x8:438; 8x16:272; 4x16:269
kodim23.png,awgn,5,20260811,4.98386500827778,22,4203,16,1024,93.55603140613847,64.0,8x8:652; 8x16:562; 4x8:555; 8x4:486; 4x4:434; 4x16:386
kodim23.png,awgn,15,20260811,14.864841871501563,22,4020,16,1024,97.81492537313433,64.0,8x8:613; 8x16:554; 4x8:459; 16x8:446; 4x16:425; 16x4:382
kodim23.png,awgn,30,20260811,29.151558572533393,22,3689,16,1024,106.5914882081865,64.0,8x8:642; 8x16:543; 16x8:465; 4x8:381; 8x4:338; 4x16:287
kodim23.png,stripes,8,,5.583074003811095,22,2771,16,4096,141.90400577408877,64.0,8x4:486; 4x4:468; 4x8:416; 8x8:289; 16x8:221; 8x16:202
kodim23.png,stripes,16,,11.215658599613285,22,2403,16,4096,163.6354556803995,64.0,8x4:385; 4x4:372; 4x8:285; 8x8:259; 16x8:198; 8x16:187
kodim23.png,stripes,32,,22.590996749928355,22,2104,16,4096,186.8897338403042,64.0,8x4:308; 4x4:238; 16x8:233; 8x8:225; 4x8:197; 8x16:176
kodim23.png,clean,0,,0.0,32,1944,16,4096,202.2716049382716,64.0,8x16:229; 8x8:211; 8x4:200; 4x8:188; 4x4:184; 16x16:173
kodim23.png,awgn,5,20260811,4.98386500827778,32,1997,16,4096,196.90335503254883,64.0,8x16:246; 8x8:242; 4x8:219; 8x4:197; 16x16:153; 4x4:152
kodim23.png,awgn,15,20260811,14.864841871501563,32,3277,16,1024,119.99267622825755,64.0,8x16:534; 8x8:471; 16x8:445; 4x16:301; 16x16:296; 4x8:271
kodim23.png,awgn,30,20260811,29.151558572533393,32,2730,16,1024,144.03516483516484,128.0,8x16:469; 16x8:465; 8x8:333; 4x16:250; 16x4:244; 16x16:239
kodim23.png,stripes,8,,5.583074003811095,32,1587,16,4096,247.77315689981097,64.0,4x8:195; 8x8:182; 8x4:172; 8x16:172; 4x4:138; 16x8:131
kodim23.png,stripes,16,,11.215658599613285,32,1502,16,4096,261.7949400798935,64.0,8x8:190; 8x4:188; 4x8:149; 16x16:140; 16x8:137; 4x4:134
kodim23.png,stripes,32,,22.590996749928355,32,1412,16,4096,278.4815864022663,128.0,8x4:175; 4x4:136; 16x8:133; 8x8:127; 16x16:113; 4x8:107
kodim23.png,clean,0,,0.0,37,1280,16,4096,307.2,128.0,16x16:142; 8x16:141; 8x8:105; 16x8:105; 32x32:104; 8x4:98
kodim23.png,awgn,5,20260811,4.98386500827778,37,1326,16,4096,296.5429864253394,128.0,8x16:166; 8x8:129; 16x16:118; 4x4:100; 16x32:95; 16x8:93
kodim23.png,awgn,15,20260811,14.864841871501563,37,1971,16,4096,199.5007610350076,128.0,8x16:254; 16x8:228; 16x16:214; 8x8:166; 16x4:138; 8x4:131
kodim23.png,awgn,30,20260811,29.151558572533393,37,2705,16,1024,145.36635859519407,128.0,8x16:461; 16x8:388; 8x8:386; 16x16:331; 16x4:240; 4x16:205
kodim23.png,stripes,8,,5.583074003811095,37,1096,16,4096,358.77372262773724,128.0,8x8:124; 8x16:106; 16x16:101; 8x4:95; 16x8:95; 4x8:86
kodim23.png,stripes,16,,11.215658599613285,37,1028,16,4096,382.5058365758755,128.0,8x8:125; 8x4:104; 4x8:99; 16x16:90; 16x8:86; 8x16:79
kodim23.png,stripes,32,,22.590996749928355,37,896,16,4096,438.85714285714283,128.0,8x8:90; 8x4:83; 16x8:79; 4x4:76; 4x8:75; 16x16:75
kodim24.png,clean,0,,0.0,22,8275,16,1024,47.5185498489426,32.0,4x4:2192; 8x4:1874; 4x8:1708; 8x8:933; 4x16:440; 16x4:322
kodim24.png,awgn,5,20260811,4.93421949383551,22,7909,16,1024,49.71753698318371,32.0,4x4:1854; 4x8:1613; 8x4:1600; 8x8:1099; 4x16:490; 16x4:385
kodim24.png,awgn,15,20260811,14.755508945830648,22,6236,16,1024,63.05580500320718,64.0,4x8:1141; 8x8:1017; 4x4:986; 8x4:926; 4x16:554; 8x16:504
kodim24.png,awgn,30,20260811,29.154916267377274,22,5046,16,1024,77.92627824019024,64.0,8x8:1006; 4x8:764; 8x4:655; 4x4:646; 8x16:538; 16x8:448
kodim24.png,stripes,8,,5.509691889018302,22,8041,16,1024,48.901380425320234,32.0,4x4:2148; 8x4:1885; 4x8:1505; 8x8:894; 16x4:435; 16x8:329
kodim24.png,stripes,16,,11.080419821928038,22,7597,16,1024,51.75937870211926,32.0,4x4:1880; 8x4:1816; 4x8:1330; 8x8:884; 16x4:473; 16x8:337
kodim24.png,stripes,32,,22.37755537447646,22,6652,16,1024,59.11244738424534,32.0,8x4:1535; 4x4:1530; 4x8:910; 8x8:805; 16x4:520; 16x8:429
kodim24.png,clean,0,,0.0,32,5364,16,1024,73.30648769574944,64.0,4x4:910; 4x8:874; 8x4:861; 8x8:794; 8x16:383; 4x16:380
kodim24.png,awgn,5,20260811,4.93421949383551,32,5415,16,1024,72.61606648199447,64.0,4x8:915; 4x4:898; 8x4:848; 8x8:794; 8x16:387; 4x16:385
kodim24.png,awgn,15,20260811,14.755508945830648,32,5078,16,1024,77.43521071287908,64.0,8x8:874; 8x4:721; 4x8:690; 8x16:594; 16x8:521; 4x4:518
kodim24.png,awgn,30,20260811,29.154916267377274,32,4053,16,1024,97.01850481125092,64.0,8x8:636; 8x16:634; 16x8:486; 4x16:445; 8x4:410; 4x8:387
kodim24.png,stripes,8,,5.509691889018302,32,5045,16,1024,77.94172447968286,64.0,8x4:919; 4x4:818; 4x8:736; 8x8:678; 16x8:437; 16x4:378
kodim24.png,stripes,16,,11.080419821928038,32,4774,16,1024,82.3661499790532,64.0,8x4:895; 4x4:762; 8x8:657; 4x8:604; 16x8:463; 16x4:393
kodim24.png,stripes,32,,22.37755537447646,32,4269,16,1024,92.109627547435,64.0,8x4:806; 4x4:626; 8x8:509; 16x8:439; 16x4:435; 4x8:421
kodim24.png,clean,0,,0.0,37,3696,16,1024,106.3896103896104,64.0,8x8:585; 8x4:482; 4x8:389; 8x16:376; 16x8:353; 4x4:350
kodim24.png,awgn,5,20260811,4.93421949383551,37,3613,16,1024,108.83365624135068,64.0,8x8:507; 8x4:435; 16x8:389; 8x16:370; 4x8:363; 16x4:332
kodim24.png,awgn,15,20260811,14.755508945830648,37,4386,16,1024,89.65253077975376,64.0,8x8:703; 8x4:601; 4x8:507; 8x16:472; 4x16:441; 16x8:428
kodim24.png,awgn,30,20260811,29.154916267377274,37,3944,16,1024,99.6997971602434,64.0,8x8:741; 16x8:585; 8x16:580; 8x4:391; 4x8:369; 4x16:335
kodim24.png,stripes,8,,5.509691889018302,37,3430,16,1024,114.6402332361516,64.0,8x8:500; 8x4:421; 16x8:421; 4x4:370; 4x8:320; 8x16:316
kodim24.png,stripes,16,,11.080419821928038,37,3170,16,4096,124.0429022082019,64.0,8x4:417; 16x8:398; 8x8:387; 16x4:310; 4x8:297; 4x4:284
kodim24.png,stripes,32,,22.37755537447646,37,2704,16,4096,145.42011834319527,64.0,16x8:376; 8x4:343; 8x8:293; 16x4:282; 4x4:262; 16x16:227
